variable	NSGAII(0)	NSGAII(1)	NSGAII(2)	NSGAII(3)	NSGAII(4)
BAYES_00	-4.166272786527818	-4.5261977210127835	-4.437959546294073	-4.421995776632209	-4.464745064325098
FREEMAIL_FROM	0.10880146964294098	1.5766065248369914	1.2638581905765722	1.3126098401370676	1.245454884831302
RDNS_NONE	3.5500830667671734	2.6008729563048747	4.100330415859997	3.941871004718302	4.100886101633787
FREEMAIL_REPLYTO_END_DIGIT	4.0306175559855975	-1.091539237649602	-1.3430226601167394	-1.6508391495198147	-1.5751985936664588
MSOE_MID_WRONG_CASE	-0.00555061878578017	2.2163081935447178	2.5287427308366186	2.5243566655788072	2.889039117744407
DATE_IN_PAST_24_48	2.20370928716383	3.278012018059341	3.5020582254109387	3.0800273368681093	3.3738751968961935
T_LOTS_OF_MONEY	3.310033803991559	0.6610076097721959	2.3480696503353555	2.2386294504757127	2.5574653652132153
SPF_HELO_FAIL	2.691548843721474	3.302952759540404	4.465138808132573	3.333481314966132	1.7243309694253977
ALL_TRUSTED	-2.7745066607103794	-3.261253224528633	-3.4341593046066574	-3.4341593046066574	-2.8663364595596765
DNS_FROM_RFC_DSN	-2.9020663975012697	2.489782422574156	-4.107668114950899	2.8970988905971544	2.4450418301934143
DATE_IN_PAST_06_12	2.8077947317117493	0.9925142925527984	1.013726567614766	0.9844409097416804	1.0457446262927055
HTML_IMAGE_RATIO_04	-2.0224005516148322	-0.006848318729432479	2.1368421815207013	0.6767930061442301	3.415547173409176
HTML_MESSAGE	1.6797449448541357	0.9066328885675143	1.1318549011006038	1.1168054870473247	1.0087172045482966
NO_DNS_FOR_FROM	3.6313192064702746	2.23228966413593	2.6330454789036013	2.6330454789036013	2.786316848015586
URIBL_GREY	-2.7071270581657996	0.13367403047994264	1.2832994284514356	-1.81070243017055	0.9127610037699017
PLING_QUERY	1.3430667645533447	2.8060226723395587	2.806738927892922	2.845065859925537	2.7845130313915627
HTTP_ESCAPED_HOST	-2.447063083094201	0.33840210390067677	0.03253472162336962	0.03253472162336962	0.82273284646319
MIME_HEADER_CTYPE_ONLY	2.845009331942722	-4.259853790408275	-0.24389545628036352	-0.0668203826420859	-0.5566930361803115
MIME_HTML_ONLY	1.898714339609065	4.747846259545679	4.647016244760858	4.682950093595304	4.247206702340392
NORMAL_HTTP_TO_IP	4.569777070638829	4.277758144378737	4.5388359429659655	4.254488108970878	4.280055832470869
DATE_IN_PAST_03_06	4.379768921633668	-2.492691553147826	-2.47741193730806	-2.47741193730806	-2.347048527427965
HK_NAME_DRUGS	-3.0421292558350532	-0.594038104352306	-1.1299813640551963	-0.5023175157929892	-0.8226978675506501
HS_INDEX_PARAM	-1.7865309745426647	-0.7255074118764795	-1.3061448917003116	-1.3061448917003116	-0.7188301213828057
LOW_PRICE	0.19996333756997367	1.0231215303981638	-1.274972602990889	1.0034021401957203	-0.022627178237342727
SPF_SOFTFAIL	2.329792299946201	4.3659052820116555	3.6878002668116516	3.712003607806697	3.71684281310119
MSGID_FROM_MTA_HEADER	2.6806086067205346	3.5629093410655486	3.428671854047789	3.727495993778443	3.458826419395174
RCVD_IN_DNSWL_LOW	1.840552846583815	-1.4347443507378466	-1.631662571960032	-1.4439466980658273	-1.430390232768454
MISSING_HEADERS	4.055902554452865	0.6613963091214671	0.6401364575575306	0.6394601065174226	1.1279410425713439
NO_RECEIVED	-3.5005833099605677	2.7958005255899323	3.2717530677658804	2.737118508801663	3.2456161794454874
NO_RELAYS	2.3654384982371988	2.7650852808119666	-2.5974925811889995	-1.6261824968821148	-1.8688857534276906
RCVD_IN_NJABL_PROXY	2.2312905418834483	2.85880606280059	3.172136271088641	2.8579246076418943	3.1705849444127963
BAYES_05	-1.9570049236943876	-0.3743836139754865	2.9914132019537396	2.9914132019537396	-0.7292896348629854
SPF_FAIL	-1.5615169889884324	0.84305312706049	0.9516057216228336	0.9516057216228336	0.570175915227168
SUBJECT_NEEDS_ENCODING	-2.9786139738369815	-0.5222645560548504	-2.784046264461324	-2.8072120482551632	-2.7984679901600105
HTML_FONT_FACE_BAD	-2.8534298337202695	-1.8567718800662272	-1.4990886559619168	-1.499132990613357	-1.6788751863296951
RCVD_IN_DNSWL_MED	4.872428365354372	-3.679114093056908	-3.654962557316612	-3.6551343182771667	3.0021403226460333
TVD_SPACE_RATIO	2.4773519415036835	-0.7164528471937858	-0.7267996822131473	-0.7272373033727279	-0.7014514648257166
SUBJ_DOLLARS	0.17435474117391325	4.431870005833535	4.408490692342978	4.408490692342978	4.41139337244855
FROM_LOCAL_NOVOWEL	-1.358752253296837	-1.6390204466008744	-1.9389929649708189	-1.5669845925153882	-2.1411037363328496
MIME_QP_LONG_LINE	3.2526817010519564	4.7510460860081745	4.22450207275152	4.719799059815298	4.876037276561751
APOSTROPHE_FROM	-3.1020286855372396	1.7194551376865652	1.3080617166544295	1.3124144805919136	-3.202153262530774
RCVD_IN_DNSWL_HI	-2.742205886929933	-4.621925046312375	0.19936035532195756	-4.195864837812744	0.97616378184637
RCVD_NUMERIC_HELO	-1.1110638356697007	2.28397033865507	2.270360927927916	2.0060339612610703	2.393498160434552
HTML_TAG_BALANCE_BODY	-3.6643079513368897	-4.60982675948567	-2.2612987645742546	-2.0293618926780637	-2.6904788711367233
RDNS_DYNAMIC	4.648480103148588	1.2661426645464298	3.4962072288746744	3.4962072288746744	1.9029634999197147
URIBL_SBL	-1.0688475332805596	0.03759584414861808	0.48704171669568175	-0.044904856713829544	0.3652454003791161
ACT_NOW_CAPS	-1.1683547633047024	0.6447849288126172	-1.743344138233832	-2.2491608574935533	-1.9810673160928174
BAYES_50	3.6253588096193075	1.1607297800231295	2.3661189876972015	2.36760145163158	1.191583163063926
DEAR_EMAIL	0.8530163808483646	-4.594377419478999	-4.268574394581984	-4.267929035047822	-4.527635869505501
DRUGS_ANXIETY	-3.850055810900784	3.599668658400992	3.882675303687093	3.882675303687093	4.867982486330468
ENV_AND_HDR_SPF_MATCH	2.909194735004685	4.117133549322685	4.038837634198047	4.593515948710591	-2.4923849998025487
SPF_PASS	-2.0194502679157296	1.34055885365436	1.4950314868865906	1.4516855851204389	1.4588645823617714
URI_HEX	-2.115118302764913	-0.5369221718895604	-0.5220665830857529	-0.5221237041252531	-0.5600333071307262
USER_IN_DEF_SPF_WL	1.1411069092345174	-0.3875522820858177	-0.7523854169948349	-0.7523854169948349	-0.5951512838144076
SPF_HELO_SOFTFAIL	-3.44261747474123	4.423956139765959	3.441148250726165	3.5203019420943495	3.683154416455479
DATE_IN_PAST_12_24	0.4967592385157438	1.1220077585611283	4.479541046774762	4.342657561742136	0.9779866152153469
RCVD_IN_DNSWL_NONE	-1.2806388810374605	2.590703548737639	3.0954147259632463	2.4776894731778314	2.7723350416481147
FH_HOST_EQ_PACBELL_D	-1.3703342023885834	-2.921188288985427	3.5936168234532424	-2.8769801641207025	4.959993539037282
MSGID_SPAM_CAPS	-3.54239913521456	0.9428262465464834	4.530112106761907	4.530112106761907	-3.2514874960976683
SUBJECT_DRUG_GAP_C	-0.3139165533189985	-2.2091921232740903	-2.7620490883655044	-2.2454484608016476	-2.3409846223968502
HTML_IMAGE_RATIO_02	1.8988441314785487	1.3847189798055055	1.3847189798055055	1.0253981177133835	1.3847189798055055
URG_BIZ	3.880047274160874	-0.5064626848756183	-0.8808102654437219	1.5653802675059645	-0.6821610075879351
FS_START_DOYOU2	-2.658541651522432	3.534567516107967	-2.8762719177160956	3.383284613826413	-3.0844226072843863
XMAILER_MIMEOLE_OL_3AC1D	-4.1496773646192935	-3.098408964432633	-2.1003713124626917	-2.1003713124626917	-1.7610222629054437
DATE_IN_FUTURE_12_24	-3.2090910108211608	-1.8504917403871202	-1.1370253881360703	1.8298328891077378	2.18394408307253
MSGID_RANDY	-0.4514104796931091	-0.3928526169002317	-1.2863781833319128	-0.3120358832581629	-0.06942331572434157
FREEMAIL_REPLY	-1.220553060173762	-0.350830645137881	0.23476658852517818	-0.4101525010752172	4.033616268833062
FROM_LOCAL_DIGITS	-3.6915024055521632	0.4142982732596236	0.173719057165002	0.41236819742830705	-0.13727143814299514
FROM_LOCAL_HEX	3.608332934802131	-2.124544407107761	-3.4559068268358124	-3.4582481852007065	-3.3549896678134905
HTTP_EXCESSIVE_ESCAPES	2.9354929890122277	-2.9655613648439276	-3.16837992809157	-2.9670135193934803	-3.0391726440334925
FAKE_REPLY_C	1.1788041710438186	3.2266330108448504	1.8388292526630077	1.4437311780325868	2.1206256184790035
SPF_NEUTRAL	0.959619622432424	-1.4115438074609983	-1.4332535869164493	-1.3575509606947773	-1.4105700759915154
T_FILL_THIS_FORM_SHORT	2.492864233246234	2.4162975581338992	2.9853027806403687	2.0331501659097246	2.4791782020690003
BODY_ENHANCEMENT	3.0133723215832466	3.9413691929788293	4.828226782212243	3.8112997709798075	-0.7413518933499479
HK_RANDOM_ENVFROM	-4.084735844039254	-0.2667809151696072	-0.3058904303609071	-0.31064034171872673	0.20346810640302054
MISSING_SUBJECT	-3.0485656999419364	2.4648084737390423	-1.000313868464461	-1.000313868464461	2.661313691358269
SUBJ_BUY	1.8326730717850757	3.980319869071448	-1.8980014065177477	-1.8699277068203661	-1.3943999056426186
HTML_TAG_BALANCE_HEAD	-2.500196299376697	-2.732218308379667	-2.0820370075745087	-2.0709272938799033	-1.852993021001707
MISSING_MIMEOLE	4.936129813973829	-0.01900429641580481	1.0549358936762123	-0.30556243441008446	4.330082322878693
MPART_ALT_DIFF	1.6135700987616994	2.199823768636576	2.297745314083255	2.3102234232710193	1.7063988254307876
BASE64_LENGTH_78_79	2.6186974463242167	-0.9296910216299149	0.6689595555294265	-0.8035319373807241	-0.24013955870829073
DIET_1	4.549060219330308	3.994826444104702	4.342973280316048	4.311850757138959	3.952935999827708
SUBJ_ALL_CAPS	0.9686969820374921	1.5033257791227288	1.50270032999902	1.4886861825882896	1.661381771961785
TO_NO_BRKTS_DYNIP	-0.36616105171854335	0.505976180100167	3.043448229748032	0.6637461526120709	2.656143061903905
BAYES_20	-1.2537292165633942	1.2416468120159538	0.5844466453903382	1.2762324865132526	1.1231556867531975
HTML_IMAGE_RATIO_08	0.4735661062047123	1.7231482207610496	1.6736816380568673	1.6723182429780725	1.6901553832168472
HTML_COMMENT_SAVED_URL	-1.1768130308620308	-1.4335809848153116	-2.9121105582917366	-3.4083925600123557	2.5315428574141903
WEIRD_PORT	2.962224221859969	2.4483485835401395	2.4638405484433683	2.4487414026053407	2.441744890859996
BAYES_40	3.054783240083547	-2.7970329500835396	-3.7069665254099284	-3.7069665254099284	3.039009620613549
MARKETING_PARTNERS	2.148262502768503	1.1777537231205786	4.802481918853085	4.818557681582597	4.899495579246025
HTML_EMBEDS	-4.295258756021522	-2.0176715993824503	2.052437706616988	-2.0315776955165146	-1.7309861566469655
HTML_IMAGE_ONLY_28	0.5015480888391257	3.1407040371337422	-1.5174191182989345	4.27530353888256	-2.4801200862393666
FRT_ADOBE2	0.2653500070315129	2.7109852257593783	-4.730261364143111	-4.648750511665855	-3.97694558015993
RCVD_IN_NJABL_SPAM	4.669943692464914	2.8984107730552915	2.9690679751182514	2.9438280159497605	2.7573315500718114
ANY_BOUNCE_MESSAGE	-0.9530642057644365	2.2159150097259173	1.858154331354213	1.853704809182233	2.205469420033704
VBOUNCE_MESSAGE	-0.4872411466168078	0.6216504812551186	2.0350354434632845	2.0350354434632845	1.922401318969301
RCVD_IN_RP_RNBL	-2.798430088669914	-1.8511757811364618	-1.8458610096088677	-1.755629657987857	-1.0743312096205788
DRUGS_ERECTILE	0.7923524325513364	-3.8223649822797143	-3.841711474154087	-3.6766559936520666	-3.8209361119112972
UNPARSEABLE_RELAY	1.008663159077786	-3.9338310123503444	-3.9203048236499085	-3.9203048236499085	-3.9236726158804895
RCVD_IN_SORBS_DUL	2.9439306721986607	1.3363567590010375	2.9590072412424604	2.9590072412424604	2.545610785717255
FSL_HELO_NON_FQDN_1	-0.9366319362247127	0.964553243954785	-0.11293289373068549	-0.14226049941667135	1.0412271100228487
HELO_NO_DOMAIN	1.0704399097971196	-3.5056435156636616	2.292318596435441	1.690972819866379	2.50466036521218
INVALID_MSGID	3.208347118390279	-1.5890784922472432	-0.8884738751161746	0.6800964266132415	-4.720578004442757
HTML_IMAGE_RATIO_06	2.2418536806871066	3.416904416325445	-2.0308414001866324	-1.99715149460484	4.1154504541862025
DATE_IN_FUTURE_03_06	-1.0900140201240422	-4.360923059244081	-4.647822605689817	-4.663474695089114	-1.9416424444938487
FU_COMMON_SUBS2	2.070156181221969	-3.8386097509661457	-3.7168385228379996	-3.80973901310443	-3.5885866067558725
SPOOF_COM2COM	-1.3551931155164554	0.5260311519307472	-3.9086665675934165	-1.970306747677947	-1.829612856816425
MIME_HTML_MOSTLY	0.4375626624434883	3.353332510230446	4.180087122339624	3.2939593126278877	4.038595944485168
SPF_HELO_PASS	-3.8954598339312896	-2.27095744555422	-2.8464696570508403	-2.8969274317847007	-0.662415995483961
DATE_IN_FUTURE_06_12	-3.2285415304164333	1.6069256131685443	1.4375781730502721	1.5871730587177906	1.4641972167225186
TVD_APPROVED	4.56251051623245	2.812126318544831	2.6400480133208113	2.6449895385586295	2.8939323413244034
DEAR_SOMETHING	4.80332604184477	4.434984736415323	4.416635316824331	4.410638143019347	4.394580800781092
T_FROM_MISSPACED	1.458472420159557	3.741166836778694	4.32699407570389	0.18390162832476342	3.6545654739626903
EXTRA_MPART_TYPE	-2.25660039717651	-1.712123971323947	1.3285480939014067	-2.1303353473296007	1.2232920890619108
TVD_FW_GRAPHIC_NAME_LONG	4.483784846014396	3.0007388494950153	2.1240389198335263	3.0227000304177745	2.7422170934270294
TVD_FW_GRAPHIC_NAME_MID	2.1716895981403574	-0.15200794321252328	0.34785763445156714	0.27743849992894815	-0.04499208854665153
MONEY_FROM_MISSP	-1.9651427558939192	-3.375974273844019	-3.8055861385220546	-2.7335138987936185	-3.3605015516359695
FRT_SOMA2	3.0917229023830117	0.8847183350191228	-4.410779907946227	-3.74753418287608	-3.3075434569699373
TVD_SUBJ_ACC_NUM	1.2549397736277417	1.3732147616091148	1.4494945750862558	1.4418442885771552	1.39626694282274
RCVD_IN_PBL	-2.4221861513887553	4.285645134825389	-2.8654214571579955	-2.8654214571579955	4.65415581843383
BODY_ENHANCEMENT2	-3.0895593443205707	1.2847862289935674	1.545988239227905	1.191459925167957	2.3689474962720545
FRT_SOMA	-4.215517314328734	-1.4951405790126686	-4.8321632739201625	-1.1711846232328134	-2.5235198425687697
MONEY_BACK	-0.12787279544949934	-2.355864891537097	-2.904290850209628	-2.5804636572242314	-2.5877886262466707
FRT_BIGGERMEM1	3.9640940096387958	-3.947785600683147	2.274543399282874	2.1840469667852496	-4.040644941580866
BAYES_60	0.25808484995358144	-2.9342370685787538	-2.764819162792688	-3.0635375666854827	-2.7615892445691554
CTYPE_001C_B	-3.4567956394574537	-1.1110257518287028	-0.4866576922136754	-0.48474261580520916	-1.2777693197743547
USER_IN_DEF_WHITELIST	-3.5764346892137833	0.5687865267923288	0.4834698061363681	0.22755006070308367	0.35664045601790567
RATWARE_MS_HASH	3.002218556097334	4.407058648104979	4.972513456925353	4.403037534079269	4.73006050348226
FUZZY_VPILL	-2.5970885260791343	-0.6203204477339983	0.7444421058527232	0.7444421058527232	-0.5234431877557875
FREEMAIL_REPLYTO	-0.4843730702141914	2.7161807731608776	2.8515814227326017	3.4358271333349526	3.0254900494514336
UPPERCASE_50_75	-0.20733170080896707	0.3539629366438894	0.44997446473957603	0.32695678537343376	0.16718152462359498
HTML_FONT_SIZE_LARGE	2.1167741280473473	-0.040760223412577554	-0.8146031327594131	-0.8146031327594131	0.017825504390897473
DATE_IN_FUTURE_96_XX	-4.179406317522059	0.72015369846429	3.5024545969921217	1.1968407170601547	0.7755656038555783
BAYES_99	4.361743571511266	4.468998472525586	4.246940674412753	4.194602352857785	4.471018688368494
FORGED_HOTMAIL_RCVD2	1.299451137563762	-4.202838338827607	1.6615302213545045	1.5727181268024428	2.5633416035162195
RCVD_IN_BRBL_LASTEXT	-1.4586313224627407	2.8345574456160785	2.8216537430824125	2.717659097034014	2.836496785287477
HTML_IMAGE_ONLY_16	-4.652796579052406	-1.1896607657444525	-1.5290374054524623	-1.2297870934680857	-1.2322190713297183
MIME_BASE64_TEXT	4.753697111450565	1.894510831437368	1.9229765125828473	1.1990167640756786	-3.9162420786631
HTML_IMAGE_ONLY_24	-4.537867826947122	-3.4671235094550568	-3.3169047348557146	-3.3169047348557146	-3.2032481421011982
BAD_CREDIT	3.482873262230129	-2.6989460855750056	-2.7063681234497303	-2.7063681234497303	-2.7014216455728204
BUG6152_INVALID_DATE_TZ_ABSURD	1.28257650046191	4.111889264931217	3.71878150333589	4.462837659169867	4.249476274486529
INVALID_DATE_TZ_ABSURD	3.8636144926963243	2.9310703218986083	4.439132627204963	4.439132627204963	-3.7270327285648643
MSGID_OUTLOOK_INVALID	3.9368815083166875	3.938215496667377	4.411844559439444	3.9240772821901437	4.555032770369715
NO_RDNS_DOTCOM_HELO	4.934668774157692	1.0051881259387514	0.7246835232558615	0.8139056955195073	1.4407932573383042
HTML_IMAGE_ONLY_20	-3.217264315149848E-4	3.5141893166704223	3.490192626079176	3.5807004846824992	3.973397060880647
HTML_SHORT_LINK_IMG_3	-3.121341411203894	-3.0991374817994304	-4.084129989156747	-1.7198384210851287	-2.3194375307927446
IP_LINK_PLUS	0.10886392602081998	1.5939693653807758	1.1134742347194262	1.2584843721982832	0.4053103195992407
RATWARE_OUTLOOK_NONAME	3.823573520187918	-1.065475396209542	-1.1100469323113245	-1.1100469323113245	-1.5167901506946015
FORGED_MUA_MOZILLA	2.662902248533525	4.495341016814862	-0.9441359440075927	-0.9441359440075927	4.522211627711809
INVALID_DATE	4.811670391766466	2.7136893815150005	4.055804032012956	4.038609669947697	3.9437365510742746
NA_DOLLARS	1.1431907587654035	0.3941105843519801	3.183261437858264	0.27058881902611853	2.291722710293119
RCVD_FAKE_HELO_DOTCOM	0.7964486935386702	-0.5599087082128076	-0.30177548021636547	-0.3358057654295612	-3.952742683657755
FORGED_MUA_OUTLOOK	2.786239423132149	-1.5563784213227985	0.9861656951495463	0.9627131670966441	1.0326874206294576
FROM_ILLEGAL_CHARS	0.5511440852593363	-0.7060468450613914	-0.7263645644320329	-0.7263645644320329	-0.743575596830219
HTML_FONT_LOW_CONTRAST	-0.6425950160338731	-1.5136946345346867	-1.6406306011229885	-1.4940183770282858	-1.5475452601380426
HTML_OBFUSCATE_05_10	2.528044998602844	3.116440517818979	3.106915214104588	3.106915214104588	3.2432239078714487
MIME_HTML_ONLY_MULTI	-0.7673949110549448	-0.936308617118699	-0.8803199991350984	-0.7626295901995579	-0.7208417823035183
MSGID_SHORT	1.3275673730555024	-3.2158994748897185	3.9908894106881636	4.950006737946055	-1.7487844573883047
FORGED_YAHOO_RCVD	4.908367744027602	4.965718419164558	4.864477137042724	4.844988445466249	4.992425486146015
HTML_IMAGE_ONLY_04	-3.343570742350617	3.1447280476067454	-4.630461579396612	1.130851738130083	0.47596075227555784
HTML_SHORT_LINK_IMG_1	2.426356751453356	-0.0999862871567207	-0.421524959477679	-0.4020451855230647	-0.0782329259055729
BANG_GUAR	4.05339415770422	4.654244374474308	4.844550804422685	4.411324106584999	4.604488696063029
GUARANTEED_100_PERCENT	3.038669388473674	-0.2912077190798802	-0.7001659921185964	-0.3965292708061671	-0.39991417266058626
FIN_FREE	3.7620224215713867	1.0039055677531545	1.165719090110702	0.9931125354576426	1.0210141646195476
DOS_OE_TO_MX	2.217016985221177	4.656121427945349	3.933752214718975	4.743121587900642	3.378175523170637
FORGED_OUTLOOK_HTML	4.025990855357954	2.465137702226949	1.8561849650338549	-2.318467809964915	4.118615586291315
FSL_HELO_BARE_IP_1	2.561453931800985	3.9663950192360167	4.563085871267255	4.563085871267255	3.961087997861064
RCVD_HELO_IP_MISMATCH	3.6746071179860573	1.64311463902392	1.6941034611906705	1.6949589432150072	1.6694085537000334
TWO_IPS_RCVD	-1.2679150932148517	4.105711261740497	4.371403501744817	-1.1896041992969153	4.052986926453613
DNS_FROM_RFC_BOGUSMX	0.7870167799804488	3.4654282326253867	0.6506940685961526	3.7913923354134553	3.365170741666901
FB_NO_SCRIP_NEEDED	4.207238587644898	-4.238552565875239	-4.382056655898057	-4.373878214928255	-2.3796270927675334
FORGED_OUTLOOK_TAGS	4.379610269649289	-3.0589967780420144	-3.286638099978449	-3.286638099978449	-3.6738694789909636
FREEMAIL_ENVFROM_END_DIGIT	4.389156787845631	4.5399190296033005	3.2544684703777027	3.25559246779538	4.436847269266556
HTML_MIME_NO_HTML_TAG	-3.5393846704231127	0.1992232377452432	2.975453704974816	0.20533470282695032	2.965548946664718
HTML_SHORT_LINK_IMG_2	-1.926111539622481	4.24452086831896	4.222940796363837	-0.1381442678771876	-1.0750573071186715
NO_PRESCRIPTION	-3.7515669081654184	-0.7123022131468231	-0.6269216514670262	-0.6376362571293823	-0.7133931763891723
RCVD_IN_SBL	-0.10857109428544054	3.3259262409772745	0.9749080893425206	0.9088647693304095	0.1124192047646429
ENGLISH_UCE_SUBJECT	-1.4115989617255242	3.8861896625661134	4.394698505495946	4.401149798464659	3.7192866220873504
FREE_QUOTE_INSTANT	2.173243804986166	2.9335449312914035	2.6745041128775027	2.93363474734159	3.937470029441869
HTML_IMAGE_ONLY_12	-1.8638767325087595	-4.085075101938562	-4.063254311457044	-4.06370933229453	-3.361403314636554
HIDE_WIN_STATUS	4.192663810854445	-2.0139104922973576	-4.154135575383125	-4.031996875451284	-4.055315052293622
OBFUSCATING_COMMENT	0.04329832693777762	-3.512498943342395	-3.5899762011948573	-3.5899762011948573	-2.6533938626781404
SUSPICIOUS_RECIPS	-3.8844630421854394	2.6920066646998864	3.2262706982431695	2.8366990735880817	2.532513229878127
ADVANCE_FEE_2	0.17868379858656502	0.7902100299541237	4.819641432542315	4.819641432542315	4.670228594445655
FORGED_MUA_IMS	-2.590261972295142	3.8344803785526222	3.851207488586507	3.893816660703513	3.9542582575538425
HTML_EXTRA_CLOSE	1.1619864937124376	-0.012588469577806682	2.0832106844527924	-0.07282524599856255	-0.06656265448940935
SUBJECT_DIET	-4.340993268034329	3.571556741683207	4.565784094667984	3.655186036213801	2.9129136576595034
EXCUSE_REMOVE	4.145072045082532	2.397669773539286	3.203757418675655	3.203757418675655	2.346634327462591
FREEMAIL_FORGED_REPLYTO	-0.5414297983239842	-2.992305448237138	-2.846900529960304	-2.8620317019437063	-2.8482858925762478
EXCUSE_24	0.7787729593816868	4.003912453154285	4.014958516791781	4.064814764136924	3.126398283687871
TRACKER_ID	1.0534885888774363	2.0868328276579975	0.8813325986592967	0.9654382179965816	0.9036818273901855
SUBJ_ILLEGAL_CHARS	2.9686505557192233	3.9168539113725322	3.844142217333072	3.844603363140514	3.9203406544947086
FILL_THIS_FORM_LOAN	3.0770981826237795	4.050916018360277	0.3945997202753612	0.5495272964339283	0.38297592083304655
T_FILL_THIS_FORM	3.227194707208593	3.0438170684055956	3.044976913779182	3.044976913779182	3.042763657917695
HTML_FONT_SIZE_HUGE	4.7247130395472015	0.5712669042584684	0.07193435875880849	0.6284329665237195	0.7431768809272292
DATE_IN_FUTURE_24_48	2.029186511539248	-4.420792238839419	-3.137079456409866	-3.191011865590407	-3.2172568394994396
FORGED_MUA_EUDORA	0.6151792881701608	-4.861280239919113	-4.385799432164185	-4.281661239974658	-4.278367617308859
RATWARE_EGROUPS	-2.111504143574697	0.32509148658417025	0.3892043190085611	0.31815105036920394	0.3228251114760376
EXCUSE_4	-3.4195574662618546	-1.6380471154392406	2.569100207877237	2.569100207877237	-1.9445609398938812
FUZZY_CREDIT	0.10731358773095759	-1.4533205920857293	-1.400139555060113	-1.4540260222624417	-1.4533128406108518
HTML_IMAGE_ONLY_08	3.2557347943543316	1.7481098578373115	1.6591891764843667	1.7520086141461442	0.9946148622966198
URIBL_DBL_SPAM	1.4064413768900397	-0.38499326649250665	-1.058266976241354	-1.0543401316430332	-1.0475262769766769
FM_SUBJ_APPROVE	4.2472492429330115	-3.5320021870974614	-4.217650398539986	-3.5817396944441366	-3.582343571918291
MIME_BASE64_BLANKS	4.608489437047703	2.236903306680285	2.495846805249677	2.541720670651421	2.2518639244292173
WEIRD_QUOTING	1.4032277260387553	4.631739461242185	4.470930199916885	3.5438206277127033	3.8326463384468887
DATE_IN_PAST_96_XX	1.280809586051396	3.8731389551343085	-3.2276838466175555	-3.7429126662502226	3.799719383199291
FROM_OFFERS	0.008027243933542927	0.637383703081158	1.1455862952342621	1.1847508015873296	0.6873980604371895
ADVANCE_FEE_3	3.818061360046891	3.1580907800439855	1.7311809570657473	0.5847072476220446	2.260683540839571
ADVANCE_FEE_4	2.685259900584561	-2.9582297085372744	-3.5058814836491754	-3.5058814836491754	-2.7017137503428064
DEAR_FRIEND	-3.8853768710940875	-4.287628628793746	-3.9917562157740645	-4.369222341596675	-4.4073822254840715
MILLION_USD	-4.232426583300306	2.9812557885426214	2.286387047710297	3.0064914945990098	3.8298520417983424
UPPERCASE_75_100	3.954794611545549	4.361464281248999	3.813939350137058	3.915741872799496	4.514534828013942
US_DOLLARS_3	3.003374277720739	-0.8468872565311059	0.10941038582670934	0.034169229130187384	-0.4784690752694899
TVD_SUBJ_WIPE_DEBT	-0.49435182823324064	2.1459303411353945	1.7627375670620549	1.7627375670620549	2.0936153614777386
BAYES_95	-1.4309316609882603	-3.2851740830188634	4.610807663205325	4.344904450179402	3.957537413588181
DOS_OUTLOOK_TO_MX	3.466188692403438	3.901643240653164	3.363784241356634	3.363784241356634	3.3980600105715384
SPF_HELO_NEUTRAL	-0.9179428304609514	4.004581615471743	1.4464402062211725	1.3701439482338547	4.797967015548418
FH_DATE_IS_19XX	-3.3192498322304833	-3.5953018174029747	0.8889271631901625	0.8355457900582204	0.8838614260958889
BAYES_80	2.001037842900464	-1.2189963150087617	-0.7880270477560117	-1.6726180188854034	4.033641793257654
FROM_MISSP_FREEMAIL	-2.938339858893679	3.331952658520669	1.9771700323266583	2.3474962995636184	2.0533357208388336
FH_FROM_CASH	-0.5323334953807943	3.480479412819087	4.144364200468559	4.14505310518699	3.899222904903641
LOCALPART_IN_SUBJECT	4.932445961572588	2.498973577657759	2.545431762192365	2.515922172724522	2.5117761481522582
UNCLAIMED_MONEY	-3.394050039079706	-4.814460703435181	-4.7650610898723835	-4.7650610898723835	-4.787658701909718
HTML_TITLE_SUBJ_DIFF	0.9710734898923973	-4.286503030892647	-3.9464563233940573	-3.896229205789867	-4.366856767374387
HK_NAME_FREE	2.4350968872280516	1.675361691635437	1.6538609100520758	1.6539655932310047	1.652954413393806
REPTO_QUOTE_YAHOO	-2.3139046358698945	-2.176559604301807	-2.358870703773275	-3.983012226758494	-2.4632166947335903
TO_MALFORMED	0.8770915140059283	0.029488388832950685	1.67449061440796	1.5158324948629196	1.0531695614546046
MPART_ALT_DIFF_COUNT	1.2032009824801166	-2.348847858548755	-2.158892991485073	1.7227661545441646	1.2841417288823787
FR_TITLE_NUMS	-4.532750384809068	-2.713851700244075	-2.571906196686849	-2.556220384673225	-2.7232981533504064
FILL_THIS_FORM_LONG	3.1631049013562293	4.60127673803553	4.599733064250061	4.610793108816242	4.591418737251346
FS_LARGE_PERCENT2	-3.246495775648583	-2.3825594244419133	-2.27470135336452	-2.6223734052164804	-2.3891849507696272
REPLYTO_WITHOUT_TO_CC	-3.498797364022475	2.844882640839812	-2.868562979013448	4.276176087625309	3.4230033924721024
FORGED_TELESP_RCVD	-2.900013234907235	4.38853128794789	1.8618180688140984	1.8618180688140984	3.3190835559105016
DYN_RDNS_SHORT_HELO_HTML	-3.3148851272030333	4.347929442163395	4.499345920036782	4.404007242082757	4.320457205574129
DOS_OE_TO_MX_IMAGE	4.46538027252778	0.36483971351090017	0.3222883294416878	0.3222883294416878	0.7205730902414975
PART_CID_STOCK_LESS	4.647343123365235	1.6080670187406252	1.6060600622387378	0.3138940239002799	1.5624007067813053
FS_WEIGHT_LOSS	4.738134200603185	-2.672630469315373	-2.0165523528264186	-2.75838737780778	-2.764734174554932
GAPPY_SUBJECT	-4.016226404160303	-3.4160032987178033	-3.372252894884434	-3.372252894884434	-3.230781617332535
FS_START_LOSE	-0.735738997917137	0.5481861403009765	-0.6437527083884603	-0.3159163457097478	0.8909767432438759
FB_INCREASE_YOUR	0.715636348600018	2.57048039716824	2.75966011877045	2.5591712810024356	2.623252948981511
MORE_SEX	2.548310197330999	-0.7380580072659786	-3.2374247082649132	-3.07204033217392	-3.216866547416537
DRUG_ED_CAPS	-1.9783760715002179	3.9546331583041874	-1.7737509840482293	-2.254833708047558	3.9073382556937952
DRUG_ED_ONLINE	-0.6666369002769119	1.718137910955317	1.6725009756012181	1.6721952813161973	1.6706585626891854
MISSING_MIME_HB_SEP	2.893187530877974	-4.0983190465814445	1.4018566141030433	1.423315151592385	4.488089789916158
T_MIME_NO_TEXT	4.971513601126919	-4.554563711810371	1.3862599743495636	-2.818879957265514	-1.8744606190477544
URIBL_JP_SURBL	1.2525312379935882	3.408179851594136	3.3622196048098005	3.4087759253063554	3.530194100639811
SHORT_TERM_PRICE	3.541374526402038	0.8363673341818807	1.0255389199421248	1.0255389199421248	0.5978523391176438
FH_FROMEML_NOTLD	-3.3433917616631303	2.04534517689012	1.9637724001266625	1.958310514827393	1.9637724001266625
FROM_NO_USER	2.5615291978664425	3.719279930319109	3.265254251716911	3.995524688569688	-1.1272693791804853
TVD_INCREASE_SIZE	-2.5111599398961157	0.9458752202580115	0.2669288545049075	0.2975746952538862	0.3178796994287559
HK_SCAM_N2	2.7693679311937984	-1.5167643604503134	3.628598136292072	-1.7388724677970964	4.529211147644197
TVD_PH_SUBJ_URGENT	2.4350041096729793	4.115099821435843	3.810046293422745	4.436548859622579	4.473103991048726
FORGED_MUA_OIMO	-3.1834104696758034	4.531017139533867	-2.380183945353297	4.119671480302556	4.7417091682797095
FUZZY_MILLION	1.886625850858163	3.927981326373344	3.926740376131155	4.126010564741468	-0.5201300083676892
HELO_OEM	1.2060548553435042	-3.550214343757905	-3.2110310181599644	-3.156575948803629	-3.598647947437453
URIBL_WS_SURBL	-4.192354761948176	0.41563262103571375	-4.905369213700656	-0.49985538360588366	-0.8057963108799772
DRUGS_DIET	0.37853650824384033	4.378231337025861	3.3660639400942225	3.3660639400942225	4.245195660942634
FB_GVR	4.103900309488764	0.12683075387324227	-0.11847712904758967	0.11614507355565096	-0.11174953642297333
HEADER_SPAM	3.8954915628089446	3.7490503227939618	0.36812464141450785	0.4512116658390326	0.4956795034486755
FAKE_HELO_MAIL_COM_DOM	0.3311047809831029	-0.3358091398623505	-1.242092786646214	-1.1992709937898174	-0.3226658405671514
IMPOTENCE	3.323743781236019	-4.6981438746256785	-3.865787507068655	-3.585960874601363	-3.524485536454666
HTML_IMAGE_ONLY_32	0.5838553676588943	2.626386591660991	-3.059206074909768	-2.8702359096232057	-2.8031947258031016
ONE_TIME	-3.511574906325659	4.248777428101567	4.860370280024091	4.22175212516969	4.163934180746732
RCVD_ILLEGAL_IP	2.866029313753286	2.058930444027811	1.2321479263055437	1.9848869206476434	1.470611073745082
FS_REPLICA	-0.41478539031012246	-0.17713989912707695	3.3706508902621755	-0.46323324053169174	-0.45714826558472066
FROM_EXCESS_BASE64	-0.9444776819341212	2.4683304214189743	4.845578764389643	4.845578764389643	2.763314422402954
DOS_HIGHBIT_HDRS_BODY	-4.031113024178546	-4.582491071552393	3.0048839157545895	2.539885728306429	2.4541706127509375
NUMERIC_HTTP_ADDR	-2.0555842974584992	2.1249830983152593	2.155882207064306	2.1556647239632647	2.1251150376963728
URIBL_BLACK	-2.9394512429439095	3.153629055778642	2.0672571872668284	2.0672571872668284	3.144270768013054
FILL_THIS_FORM_FRAUD_PHISH	-1.3632327220768061	-0.26591195598786205	2.7030437632722677	3.995410828745203	2.460668090798445
FORGED_MSGID_YAHOO	1.951993801685059	2.9774862255669654	3.023242723541582	2.2799227752055335	2.857186032319835
FROM_STARTS_WITH_NUMS	1.318847058982811	3.96280723928723	-2.4998345592303686	-2.4998345592303686	-2.5506165735008697
SUBJ_YOUR_DEBT	0.5461901650883674	4.5453903902770865	-2.841929189386276	4.7731497616055245	3.81643236854729
RCVD_IN_IADB_DOPTIN_LT50	2.3261580115392455	1.3421526096877576	1.4132766164862585	1.4132766164862585	1.423394901521468
RCVD_IN_IADB_LISTED	2.3948110132440115	-3.891674992902997	-3.903612102108534	-3.892129020075435	-3.891412860618881
RCVD_IN_NJABL_RELAY	-3.7604654311840875	0.5446025165596844	0.2111182311891503	0.2384332110559674	0.21758814500089738
ONLINE_PHARMACY	4.975333265012668	4.101707956414917	4.089206901658251	3.926947343350322	4.077683253371029
TVD_VISIT_PHARMA	-1.7362896560055865	-4.037980524167694	-4.010450476451189	-4.010450476451189	3.669387601157146
FB_SAVE_PERSC	-2.781764316242862	-4.369660708724757	-3.4786496662801545	-3.70244477816021	0.7964141660539739
FORGED_MUA_THEBAT_BOUN	-0.3020709880100465	2.749328458515306	1.0193335117019469	1.0619722150024593	2.121861128007891
FB_LOSE_WEIGHT_CAP	1.6902751068116193	-0.10203352424135073	-0.29758924320724095	-0.12286709093626927	-0.5197393470651328
RCVD_DOUBLE_IP_LOOSE	2.129900279199793	-4.628271911050723	3.586935624285988	-2.765662890274462	3.5025725748599505
FB_SPACED_FREE	-1.9644988545772248	-1.1074251467192406	-1.3245294717855385	-1.636204936996854	0.030584476635546753
BASE64_LENGTH_79_INF	2.9893810054490393	3.6055867745727506	4.186739152739388	4.178716956453093	4.311651800273744
SHORT_HELO_AND_INLINE_IMAGE	-1.367894841256709	-1.3248237202728523	-1.4563169434596446	-1.4805874312954541	-1.3276873804507565
FM_LOTTO_YOU_WON	2.106386284837782	-2.735384548416832	-2.712674184855002	-2.5875339161102557	-3.6188865521207707
SUBJ_AS_SEEN	1.1135422863319244	-3.9226739749359956	-3.5235410888782104	-3.93435218886821	-1.5336512227067456
DATE_IN_FUTURE_48_96	0.11805069712436767	4.7599744144867415	3.7924092312271442	3.7924092312271442	4.755074250440358
HTML_OBFUSCATE_10_20	-1.9985672511973542	-1.8927738716786362	-2.065769698418106	-2.065722661971927	-4.322792800037344
FUZZY_XPILL	2.8791788029816026	2.6479298566830387	-4.1362866246975525	-4.1362866246975525	1.2964402933343195
PERCENT_RANDOM	2.2153401809371327	2.845145318566358	-3.713171568467552	-3.731064931988755	2.672629291199799
TVD_RCVD_SINGLE	1.3353219907660112	2.7187086027724954	-3.6627718971358036	-3.6627718971358036	-3.910883151977084
FM_SCHOOLING	0.6443360507935911	-1.0438957382086909	0.243052833275079	-0.6931372889847859	-1.3735372938989256
FM_SCHOOL_DIPLOMA	-1.104282056388115	1.9301718140869912	0.892148839469586	2.5368292190274744	1.810427583755181
SORTED_RECIPS	-2.5093316870903433	-2.764019820091771	-2.2863299800087287	3.9212159935126665	-2.4467051455280577
FH_HOST_IN_ADDRARPA	4.131984879912641	1.6293960485374883	1.5884808735250866	1.5936511549397097	1.6301391381567576
FROM_BLANK_NAME	4.578404609695006	3.0548188162773444	2.586919006544548	2.7063757363584697	0.22780793317077191
HTML_SHORT_CENTER	-4.073110642710936	-1.9226222274933	-0.7317423931297092	-0.7317423931297092	0.3022160386209274
MISSING_DATE	-3.693038527157172	2.434328981212178	2.565483727087827	-3.874883983649291	2.522137022433001
MISSING_MID	2.789303550595991	-0.5678195252601372	-0.5576319349619149	-0.5576319349619149	-0.8203985056423395
NO_HEADERS_MESSAGE	-1.7439702728519078	4.345484249350752	3.4605615664056857	3.4604050333250833	3.467526616682809
MANY_SPAN_IN_TEXT	-4.1272141811755105	2.7913795483688517	2.7609719148815888	2.9578452663067187	2.958096344684618
DYN_RDNS_AND_INLINE_IMAGE	0.1285195174762328	-3.825948163568732	-3.859368194265232	-3.7866545962511746	-3.827201815916176
TVD_RCVD_IP	3.7507904969414074	1.6662855345419647	-3.919579227887328	1.5646988579706855	1.7461113781218398
TVD_RCVD_IP4	-1.411761898987152	3.004934597152126	3.1581105438654724	3.001415242888249	3.1949937138039597
FROM_MISSP_MSFT	-0.6425704307066199	1.5061641553304395	4.283735777012557	4.283735777012557	0.8348225188069938
SUBJ_YOUR_FAMILY	-4.897836499652925	0.5133125917395074	0.5011642248623382	0.5011642248623382	0.25025264543895687
FRT_DIPLOMA	3.7508437079535417	-1.4767202445982155	-1.9311510432840853	-1.9157300730319844	-1.6089504407571837
BANKING_LAWS	-2.8727340092275027	-4.383358586552548	-3.063722494951973	-3.063722494951973	-4.29077788049893
RCVD_IN_SORBS_WEB	-2.6957006106315387	-4.401766263533541	-2.359445654718238	-3.2088041372931713	-3.175210648890336
SANE_91eb43f705d25c804374a746d7519660	0.5809532950214333	-2.112672317700016	3.037214368733428	3.869875144393957	4.041082431879774
FH_HELO_EQ_D_D_D_D	-2.389842830648488	1.6294601856173936	1.6226208254673868	1.2970739571874963	2.149301404503313
HELO_DYNAMIC_DHCP	4.28017867084222	-3.5634950739678284	-3.8303346479044036	1.0372069879919779	-4.109532831931858
S25R_6	1.0569860267735605	-4.287390612293409	-4.582540697093997	-2.401488698966019	-2.3780724565967284
DRUG_ED_SILD	2.2023295766251003	-2.3462185525459547	-2.542646536466245	-2.5560867776851657	-2.346743999898335
RATWARE_EFROM	2.343335157061766	4.740433318430657	4.6057418464517035	4.609138381099781	4.767691357074674
FROM_MISSP_DYNIP	2.517877150137126	3.341005110014268	-1.4035053649333824	-1.224703981553633	-0.5966565010609943
FH_FROM_GET_NAME	4.825080525959883	-0.31143071477546946	-0.16998528033094826	-0.3161987484012009	-1.1120473626995186
HTML_NONELEMENT_30_40	-1.7177182998447744	-2.2675284085487015	-2.2468456416667113	-2.267742811086951	-2.2004195146312036
T_KHOP_FOREIGN_CLICK	3.157614443445803	-3.419248968081885	-3.41513403498797	-3.341632471238254	-3.352572672081649
FS_ABIGGER	-1.0977428850236994	-2.466510239276642	-3.122245263921449	-3.122245263921449	-3.4180750370871937
UNRESOLVED_TEMPLATE	-0.17291342150528344	4.708696347697755	2.5404484453022746	2.5404484453022746	3.596561087334316
FUZZY_PHARMACY	0.7560756708352308	2.776554163512924	1.81660929613406	1.8058238552226245	2.9300563672474587
FB_GET_MEDS	-0.39765258977110707	-1.1486066033524076	-1.1837274833154674	-1.112674281217985	-1.1388690467184504
HK_LOTTO	-0.3453684145639513	-2.954867244567059	-2.93650235014657	-2.935893394493384	-2.9364318711273296
KAM_LOTTO1	3.2963020894665083	2.7423428634883864	2.8900002744602404	2.967889478806957	3.4366385813169193
LOTTO_AGENT	-4.769151934280513	0.14854661948064474	-1.130133496023971	-1.130133496023971	-1.1885453442166993
URI_NOVOWEL	-0.5148557947294857	3.3995712793893436	3.7713354247302293	3.7713354247302293	-3.6560020811386513
FS_NUDE	-4.854513338256536	-3.696804369885815	-3.9522243642705814	0.2460434162560441	0.25349890513905415
HELO_LOCALHOST	-4.186685720793827	1.9037360102959726	4.369069369987036	1.9311620350635816	1.6935393749123437
DRUGS_MUSCLE	2.7074020681144515	-1.2937322580449655	-1.3905698366179986	-1.3905698366179986	-1.4262417417408457
MSGID_MULTIPLE_AT	-1.695981712952027	4.190586844087935	4.107637803706361	4.107637803706361	4.104916869806049
BILLION_DOLLARS	-4.197158376965507	3.1305531648761113	2.9137393127100686	2.915825011679504	2.9364951509963557
TVD_PH_BODY_ACCOUNTS_PRE	-3.5687681153553292	4.921268190987511	2.441463523658259	2.441463523658259	4.78343229973604
FUZZY_PHENT	1.9715973270841962	0.41252334762000475	0.4499852881686144	0.4499852881686144	0.7831292119218399
