variable	NSGAII(0)	NSGAII(1)	NSGAII(2)	NSGAII(3)	NSGAII(4)	NSGAII(5)	NSGAII(6)
BAYES_00	-4.8190324780266796	-4.524704494788309	-4.637216121379782	-4.884293619892456	-4.217772785065617	-4.199529707401158	-4.198601291859003
FREEMAIL_FROM	2.800645902222071	3.3642387489969674	2.6721818831234545	2.8601956628915115	2.2361486256147334	3.629949896000152	3.5761236331014143
RDNS_NONE	2.762523011535344	1.3051463334084215	2.167243648568034	2.9016703358034306	4.188345434001158	4.46639002227176	4.475696982957461
FREEMAIL_REPLYTO_END_DIGIT	-2.4819469722371004	-2.545431148752991	-1.4125766999291147	-2.4320426646768367	-4.103728047577468	3.421309035027414	3.4498541446416606
MSOE_MID_WRONG_CASE	-0.3334226253001047	0.6523748488026444	-0.7976686529852165	-0.8087334695659674	-0.15345979989771985	-1.530399822256529	-1.5594162949412869
DATE_IN_PAST_24_48	-0.23476921774797127	2.4571881622481437	2.431320021709245	2.0791812476198834	1.9670736569724616	2.645292706257659	2.421792433310465
T_LOTS_OF_MONEY	1.2722500116741693	1.1603452090358894	1.1248498522735388	1.162115179095845	-0.2277242047890633	0.692595822143367	0.72868306323618
SPF_HELO_FAIL	4.473217368803222	4.436546265604411	4.439269972505654	4.512850207461188	2.8899247676713706	3.6258282317523536	3.6241959271070474
ALL_TRUSTED	-1.659114653276919	-1.4602205374470587	-1.5526296503871095	-3.297944300185095	-4.610646645979199	1.5259550506187387	1.479918728732129
DNS_FROM_RFC_DSN	2.4355761282705606	2.45112176799333	3.9361877457481893	2.586359779032556	-1.9999195508258345	3.7450672517434125	3.7049591643651913
DATE_IN_PAST_06_12	1.2177603662258465	1.7041970456831763	0.8945768474185963	0.8818553057251076	3.908916439334922	0.18428998173139066	-2.1062069662320444
HTML_IMAGE_RATIO_04	0.9974050949508687	4.898619366376285	2.9977710984763535	2.7673607816086916	-1.9245368055104426	-0.4630717924574753	4.269393124123102
HTML_MESSAGE	4.73662740220848	4.727509517930716	4.745859325520541	4.64103069921233	4.462172127283635	-1.7018537831011666	2.4535026840325598
NO_DNS_FOR_FROM	0.2244425646079815	0.1681594539847377	0.16747844487961744	0.1681594539847377	3.40348689627201	3.1021537971024182	3.087111987054835
URIBL_GREY	0.8031454340205424	-4.465421567395413	-4.091069346198931	-4.079660648604418	0.7287039749671471	-4.147294062663365	4.763181994427341
PLING_QUERY	-1.7743437332257666	-3.388847728136489	-1.0651576746180051	3.320109460090127	-0.26770017893430165	0.7969706612531842	1.7390127948839795
HTTP_ESCAPED_HOST	-0.9943977357046813	-0.9931740938029814	-0.9913350325986918	-1.0040212268599313	-4.076614911747939	-3.391857102348931	-3.3958557965270084
MIME_HEADER_CTYPE_ONLY	-1.0041279857693177	-3.095569287290069	-3.0945944668983296	-3.1102324113712148	1.07565058483688	4.641541851756417	4.624753190053667
MIME_HTML_ONLY	1.7424659789490224	-0.7862160639180673	-0.8749606346717113	-0.7617723952345158	2.6662799753373703	2.572733478002412	4.301111949991051
NORMAL_HTTP_TO_IP	2.3341746454766725	1.4181583500822987	2.460130905851085	2.828433001843147	2.8300778632301293	3.5966156023994027	3.596025127712353
DATE_IN_PAST_03_06	2.599637206262133	2.489427295525661	2.6813188331349203	2.5065986330205905	-1.2559666693653686	3.055641517904695	3.0895189003117753
HK_NAME_DRUGS	-0.8489865236951326	-0.5453391452871421	-1.8711177300112571	-2.5690915204990104	2.851175578215275	-4.525939145944468	-3.861599135297635
HS_INDEX_PARAM	-4.266979107080128	-3.3709475916756726	-4.266740554635388	-3.2758932540940737	-3.584942380841924	-0.31732965730119034	-0.3516120697814948
LOW_PRICE	0.10662115439635278	0.11388702980347518	0.0881665862091979	0.12301757842792929	-3.836212675849927	-1.1861082844119526	1.4604048882008045
SPF_SOFTFAIL	4.976394505816489	2.153940842427472	4.903522913263058	2.145917358767129	3.7980011234734263	4.090556179374075	3.861021942247052
MSGID_FROM_MTA_HEADER	4.127655984541241	4.7387375449423415	4.840208854416906	4.767595370800359	1.6697373805365268	1.7804330060112343	1.8634160722639204
RCVD_IN_DNSWL_LOW	1.7232550999169165	2.3148355226576895	1.7538846599485354	1.7093972372114024	2.9759887568808647	-3.0077425235456072	-3.042433750848863
MISSING_HEADERS	1.6062662476744773	2.331508703210238	4.004171376773965	1.6627869987665336	1.8178779292216065	-4.711329821263449	-4.635402324941281
NO_RECEIVED	-4.388367054397692	0.2563651864557813	-4.511521958572837	-4.9097223658232085	-2.6830755632392553	-2.538735827623428	-2.6613198468111916
NO_RELAYS	-4.6572852326848615	-4.739140779991416	-4.1398408458549	-1.0585481582924372	-2.636363568672672	2.109999924019376	3.6008435560870224
RCVD_IN_NJABL_PROXY	2.1685525118726376	2.2827655883083837	-0.11596139599724498	2.193971800515639	2.407769610339402	1.6273008890052012	4.332935370810391
BAYES_05	-1.5703401556665322	-1.5939030970331036	-3.2061238291106138	-1.533505763331513	-3.0884320514931902	-0.7328263588057224	-1.888170750993411
SPF_FAIL	-1.2000576553479083	-0.5246907551681652	-0.5644955703283246	-0.9655470042406586	-0.031179043881342405	3.138446641212183	4.571943169424185
SUBJECT_NEEDS_ENCODING	3.2028752806814476	3.3346470800527266	3.289441995916483	3.328899393790403	-0.2312169119649318	3.69667368094807	2.9193967230829836
HTML_FONT_FACE_BAD	-1.734584006754038	-0.7473787762339001	-1.8227382308232052	-2.1694525183128035	0.6855849221384727	-2.3138285338944167	3.5738099597323645
RCVD_IN_DNSWL_MED	-2.4353792049761047	-1.9823724456838063	3.37849588777902	-2.0659743556432195	4.159113523401718	2.5999792397124835	2.6394221866631185
TVD_SPACE_RATIO	-1.1953325540818447	2.7457529432747156	2.6439348921310453	2.116697969939888	-3.855734674009316	0.31868987739973587	0.09880357558877939
SUBJ_DOLLARS	2.478714531558931	2.3179550472428736	0.8548860663682303	2.4461272341958877	-1.0676539629674084	4.992190473537153	2.74029116187189
FROM_LOCAL_NOVOWEL	2.345777467624222	0.1365023965304789	1.261428753037786	-4.018529599857089	-2.0554326914631256	-3.8683910532622066	-1.2127113291893974
MIME_QP_LONG_LINE	2.5704384118414847	2.5524966654932815	-1.2223634488765915	2.5694494304234228	0.1014772928872032	0.3613259257255903	0.36318395078289284
APOSTROPHE_FROM	4.282804605967724	4.661075486325944	4.28472064161096	4.4884787694212305	-4.6419641288576035	4.890081711737864	-0.001955979832531707
RCVD_IN_DNSWL_HI	0.22238527881410391	0.5204119656496696	0.46163447122338197	0.16576471365091344	-4.204733805301785	-0.08653366917309557	3.2815167678176915
RCVD_NUMERIC_HELO	2.704114843895611	3.4833330811065695	2.5796571133657418	1.6245536136195815	-1.5296514908558487	2.281868707298438	0.47561415584963296
HTML_TAG_BALANCE_BODY	3.798665562413007	0.016755459286073915	3.808368252059504	2.6839198427965063	4.669845214407534	1.8548328339485893	1.8918750828617727
RDNS_DYNAMIC	4.422371473371727	4.062909713607476	1.5676874889966965	4.4416106877682395	2.559289187991628	-0.29674428564816835	0.21404308153028673
URIBL_SBL	-1.961977315764136	-4.040098405762782	-3.561072627732857	-3.1436341558032055	-2.427314899693841	2.2118939941893943	1.6665543468842858
ACT_NOW_CAPS	1.9043660864113647	0.8268437988258985	1.3736476121322143	-0.836450870674283	-1.7767481755831733	-2.522241451722711	-1.918063388554815
BAYES_50	3.649880277152477	0.8332808727060108	3.4215957727622985	2.4237749844298158	4.069324125247528	3.1436616305070526	2.305178943563485
DEAR_EMAIL	3.0472501802858583	-2.7038799868615833	-2.5001451287714485	2.411292194880968	0.9145385611218074	-4.704217345733268	-4.69623254335279
DRUGS_ANXIETY	3.2980067116014355	3.2521826544180947	1.314600401242045	4.481839799451951	4.081988473517709	2.6110336645973433	-0.9089426019696132
ENV_AND_HDR_SPF_MATCH	-0.8882399453442373	-0.7921205302207635	-4.251696505171444	-2.773750297392365	-2.6049290236703433	-0.3010035214771527	-0.3624386239421993
SPF_PASS	3.3482858241043405	1.4287645012138364	0.29668878240828933	2.4031779084526006	-1.9548278515012825	-4.06884380827558	-4.120655459023656
URI_HEX	1.2797219339077932	1.2804701670248386	1.2804951243538927	1.3183278987535247	-3.1991694377438855	-0.2748673447502339	-0.8643750581838572
USER_IN_DEF_SPF_WL	-3.2980045071673536	-1.7552500289143964	-3.5951513944772926	-1.7532618514643035	1.1656601072460244	0.9744847922294927	1.1528227201365242
SPF_HELO_SOFTFAIL	3.3870901367674886	-4.045997267446331	3.4072079774905246	2.3099297005401787	0.5733679996994685	-1.6603437369327714	-1.6831283110652189
DATE_IN_PAST_12_24	1.4695952931615526	-2.0979178037649886	1.7087962952660432	1.7035518290040983	0.3699734625114006	3.2026410946420167	3.2298344539549952
RCVD_IN_DNSWL_NONE	2.897097712871772	-1.296118158007191	-1.9057421778625625	3.6789392036924875	1.4671144160108205	1.4671924761683979	1.4482247167830382
FH_HOST_EQ_PACBELL_D	-1.1002457572831819	-1.0460811055036308	-1.099825586954247	-1.4994983743401005	-2.3805401772590256	-0.07137723549716654	-1.173354458667681
MSGID_SPAM_CAPS	-2.4693371309878605	-1.680662632504498	-1.5531480398832875	-2.7592324842255325	0.45882636624136397	0.8781632784207627	0.5452137904382326
SUBJECT_DRUG_GAP_C	-2.767851671402498	-0.6907836647484752	-0.6089095530220054	-0.6939974953516654	-3.5993663091538934	-0.4281232180338025	0.862467015104889
HTML_IMAGE_RATIO_02	-0.2387241700664191	4.5442048937473025	0.6316474181709243	4.274016151992871	-3.6666884768824533	-0.4162796458370121	1.558473261486143
URG_BIZ	4.434921562552112	4.492598514358078	4.430671042622368	4.454654197699446	4.216623968009125	2.5856020671203037	2.1925468955028378
FS_START_DOYOU2	1.0885443479237513	-4.632678604082224	-4.9685465618261	-4.629671650407463	-4.4784520595048525	-0.15269157854248566	-0.35324882793727097
XMAILER_MIMEOLE_OL_3AC1D	-1.0758402529843627	0.3960843548511669	-3.351301536217866	-1.2795902467863074	0.9093188126459967	-2.475204375675662	-4.815249441341156
DATE_IN_FUTURE_12_24	1.964372874940491	2.1019866080323806	2.0914811769185437	2.2553367705064935	-0.5138916223427015	2.5307933654339125	-1.1645739180305839
MSGID_RANDY	1.8318012306465545	3.672726365605893	1.0518918343596377	1.453709044344955	-4.601939603253572	-2.773170335048562	-4.431413080079614
FREEMAIL_REPLY	-3.372835006908294	-3.5685543843135883	0.4154509033038125	-3.5680146269681083	1.80437905942622	4.863391435155709	4.863198487792104
FROM_LOCAL_DIGITS	-4.203237965947726	1.0589119726729712	1.477849684227021	-4.956581230431951	3.8529730026554456	-3.797269584330712	-4.362498186046452
FROM_LOCAL_HEX	3.8761943542694435	4.639939052257533	3.8496849749152484	3.826630239808797	-1.7548287514733794	2.8953984953528042	2.8195628425726134
HTTP_EXCESSIVE_ESCAPES	0.15006133787596035	-0.5623200369864163	0.14338210371116666	0.040240982473615905	4.534587249647912	3.5932478586352996	3.4920174786317815
FAKE_REPLY_C	0.3261327243442709	4.138362608698327	0.10983449784887322	-0.7946609052465281	1.1754039625720396	4.044632078899549	2.973198991970521
SPF_NEUTRAL	-1.3143497877690784	-1.5171733958161537	-3.4378940680255194	-3.507348676099353	1.2536605725782897	4.038912640347011	4.09607532733847
T_FILL_THIS_FORM_SHORT	3.8450187852449975	4.011536410828454	4.610721890446196	3.9701714149145992	2.172144512520402	2.048866631543286	2.0552720805023283
BODY_ENHANCEMENT	-3.352169405744927	-3.6396146484078176	-3.9292831266709394	1.7698538464665632	4.68914574655526	4.8645441789623804	4.8645441789623804
HK_RANDOM_ENVFROM	2.848960683131911	2.708629584837802	3.340291046999136	2.158922633552912	-1.448287561451711	3.9368020253171094	3.936801233321697
MISSING_SUBJECT	-1.4842109991751504	-0.9966541489289045	0.4479636675359217	-1.2233391849266557	4.193584827442185	-0.6657888124797768	-0.6345309386742262
SUBJ_BUY	-0.6987247312392504	-1.2433830934334689	-0.9555144660374026	-0.2612871150299046	-0.7774840115516513	2.352048227275754	2.2920420645944573
HTML_TAG_BALANCE_HEAD	-2.1336872951281443	-2.5309134343517266	-2.502989389579481	-1.856375716432923	4.41611569457389	2.6404493103064866	0.1727268298250486
MISSING_MIMEOLE	-0.6764417707597498	3.759471873376067	4.225037721942584	3.388648548101211	4.60452179739875	1.7156370351085015	1.689125676181054
MPART_ALT_DIFF	1.381176588099929	1.3410410955069343	1.325885144614334	1.406824607364042	2.3557270722063426	-0.13526675509867458	3.19272485557043
BASE64_LENGTH_78_79	0.13657143596304244	-0.1646082207132483	0.13657143596304244	0.13653113817887108	-0.6405405723671663	2.611616533931398	2.3449363717938376
DIET_1	-0.5795752724351289	-1.7030524542210517	-0.8570902332769881	-0.718536821410058	3.556434023487363	3.314771515144007	2.317189255225441
SUBJ_ALL_CAPS	-0.4711366123479837	3.1781648234884843	3.42251153194568	4.6306290540942	4.873725231237694	3.454664025980076	3.453970306582449
TO_NO_BRKTS_DYNIP	1.3564237274857955	3.0622366103078718	1.8153647383108067	4.85168536250006	2.9212926579398513	4.388560387614707	4.921439979938633
BAYES_20	-2.437725711274757	-2.070799297793831	-0.053742897289241975	0.48294416251060457	-1.9062027054367205	-4.0776027724325115	-4.256448621119639
HTML_IMAGE_RATIO_08	-2.0262404727510104	-3.8775974595284786	-2.4582839401235814	-4.017063514002838	2.9470456860360974	-0.6733282699100365	-0.6782199420585612
HTML_COMMENT_SAVED_URL	3.689104617948133	-4.364063800834034	2.8943259353437263	3.957295575113924	-2.236950854266778	2.3737441995192468	2.4557462842456776
WEIRD_PORT	0.1178589299867504	0.16667888844297776	0.2961044851981588	0.6384853830052798	-0.5099137056273045	1.2673535878822197	1.3004073037405912
BAYES_40	2.3099489813800673	0.9720979107365424	0.8311022471728398	2.746866654967321	-3.65171485853946	3.899942187708208	3.8969715846039312
MARKETING_PARTNERS	-1.616906367933074	0.8880484065735832	-4.630868457201148	-4.476405104774307	3.2613631549587376	4.10001174349972	4.814022661316878
HTML_EMBEDS	1.7329432526484754	-3.343165110698666	-2.5000216801122037	-1.5661098127730784	0.6427705148963336	-4.678953355463604	-4.650719676468799
HTML_IMAGE_ONLY_28	2.186500353575875	-2.2874350950400055	0.41880651070679964	0.4682613077319654	3.712916540826154	3.123606964959621	-1.449577518331701
FRT_ADOBE2	-1.5280692888533018	-3.618034865004424	-1.5295263163038562	-1.5307301695136584	-3.014349022620947	2.1809055205210064	2.3055222111386766
RCVD_IN_NJABL_SPAM	4.592703743312859	4.920539817806178	4.944650024954305	4.865981152473708	4.047866906501163	4.929653423844275	4.624691035276528
ANY_BOUNCE_MESSAGE	0.9990180012281802	-1.9643332910535478	-2.198438447854019	-1.7453254332506212	3.1444797477530884	4.94842049137591	4.9361805782076
VBOUNCE_MESSAGE	1.6562526273569274	2.2013048373275734	1.9176478706437423	2.2020876821421647	-4.383761803187174	-1.8138625426975434	-1.7791506483402144
RCVD_IN_RP_RNBL	-1.1639517029006023	-1.19320448361737	-0.12410140453196838	4.328418530591308	0.8659255495688309	0.2881580429346388	0.1796943489358569
DRUGS_ERECTILE	4.072159149482312	4.072115345952964	4.38103289725125	3.6743750045502037	1.9223765829855137	2.2635332806748094	2.4695436389937804
UNPARSEABLE_RELAY	-0.14399533318135171	-0.14399533318135171	-0.14399533318135171	-0.14282407173020992	-3.5993926574961486	-3.6506674337186715	-3.581149788205783
RCVD_IN_SORBS_DUL	-1.8521196294166176	-2.8030577902208313	-1.730484846303233	-0.11042955230680596	0.6669974237927827	-0.31533765191361623	-0.23800614816241164
FSL_HELO_NON_FQDN_1	-4.987517032815522	-4.856673936038699	-4.853980689640093	-4.845042917253218	-0.40390024036014993	3.6235335518139715	0.38848531362659866
HELO_NO_DOMAIN	4.243079181337679	1.099701242692252	1.0622698544307663	1.2628576986683422	-2.091614746777724	3.193460425390927	2.72829417028659
INVALID_MSGID	-2.810812617608171	-3.4806778493351507	3.6843965602947666	-2.743455798535803	-0.026262099771044767	-3.1204414396860316	-3.0244792885214014
HTML_IMAGE_RATIO_06	-1.9339142046045914	-2.989321521052649	-3.2186267979878815	-1.9577869973735704	2.1414991727401542	1.803793208463685	1.8052295758158303
DATE_IN_FUTURE_03_06	3.952529215505144	-3.475982732909989	1.7880917872996094	1.4251426425989868	2.832444118315655	2.1519961508515117	2.4955338877657143
FU_COMMON_SUBS2	-4.068316565869989	-4.097471961794459	-4.2788618476708935	-3.969829977235445	4.276149979483254	-2.9222728904330606	-2.9000537618434175
SPOOF_COM2COM	0.6022782078785895	2.081056516273733	0.9166677649080159	0.9328687174913237	3.9290509094197454	-2.5161501457461424	-4.532085920468356
MIME_HTML_MOSTLY	4.1389099830083165	4.413707462892003	4.35862882371059	4.362762695418729	4.668145806773458	3.000277658497254	3.081329461823787
SPF_HELO_PASS	0.1747420625905926	0.5408927740276828	0.4171632594278761	0.5621383916726166	-1.4457064439471243	1.091919930192677	-0.5290019104650259
DATE_IN_FUTURE_06_12	1.8885042195534123	1.9557663965044891	1.920765955859894	2.142603485755587	3.5558362702788093	1.3209800141175219	-2.358198958324296
TVD_APPROVED	-4.540792079854288	-4.84024467736784	-4.889796063214606	-4.800976569453416	2.2202506977040612	2.956509628603188	-3.0924725563444464
DEAR_SOMETHING	1.32324241088758	3.6403678276597953	3.9891186553040625	3.5084863365016736	-0.2145349032321976	3.505348495520215	3.5057346370628153
T_FROM_MISSPACED	4.151892821749772	2.9922467706323514	2.267909953181562	2.919942979521088	-0.1470296715367489	3.3993596501009673	3.383526278337265
EXTRA_MPART_TYPE	-1.7558098327100573	0.6068471385382186	0.5876057556425768	0.671783009972444	1.7232826096525704	-3.6748489795515185	-2.0893926508958547
TVD_FW_GRAPHIC_NAME_LONG	1.2539637190270392	1.1533228358864078	1.248357587549953	1.241864095639388	-4.81562249810403	2.753519976967633	1.6598012632715786
TVD_FW_GRAPHIC_NAME_MID	1.5362544157046891	-4.030536737418674	1.6661499679301754	-3.850653033367535	-4.64624712470574	1.4049363817395448	1.3298692549284774
MONEY_FROM_MISSP	4.816182070545368	4.596963241219101	4.600537019052717	4.459308186186368	-1.8781365143769055	3.4074310117391162	3.486886528479373
FRT_SOMA2	4.570933232790572	4.634316338789096	3.7968765198142163	3.5462214081386265	-0.45885870467121526	2.837335266405836	2.837335266405836
TVD_SUBJ_ACC_NUM	-0.46605978075764587	1.5070266516703852	1.6673123860286085	1.7139906912653398	-2.2259950023168065	3.4477087992080415	3.72652885760818
RCVD_IN_PBL	4.028587932201749	3.4455456182040023	1.2546905064655427	2.244801828740018	2.716382606211873	1.247154131986632	1.2471090891879828
BODY_ENHANCEMENT2	-2.8417179552091865	3.068476375543236	2.4326097456205362	3.090053279476274	3.6815773250538593	3.333709342123015	1.0565164246971601
FRT_SOMA	1.6729384421627655	1.8723021699306313	1.2105612938535613	1.3393368346361563	-1.479242867308626	-4.191861122864993	-3.565586009757806
MONEY_BACK	3.4626891496959074	3.180468521708526	-4.572043233501972	3.441161375901001	-2.1973901299599516	-2.145908072663275	-1.8865790260167865
FRT_BIGGERMEM1	-3.0843038506535496	-2.737438776570954	-2.7340827068678295	-2.7059813831187354	-1.1308257283658305	3.252005016429424	3.7017303963814276
BAYES_60	3.4884528689306293	1.596268660782685	1.9054392243656506	1.824362744683482	-1.5852942081964396	3.4299746437562564	3.348568231970684
CTYPE_001C_B	4.003973801024701	4.722676493706063	4.2408702190473635	-3.524620846900493	-2.1777525235231447	-3.415610283938679	2.6530160344688523
USER_IN_DEF_WHITELIST	-4.520161874364308	-4.956440685045671	-4.94063502512216	-4.7759989549834	3.097969274548028	-1.5758934292968934	-1.3360509862493362
RATWARE_MS_HASH	4.451306177979119	4.246293061123726	1.9577921174462505	3.9971484060818043	4.428414881171584	4.118117850596303	4.056822436593363
FUZZY_VPILL	3.4130882084467915	3.2433785290773223	3.4569800071748498	-1.7042694787191965	-0.20775532190916932	-0.40888507513779143	-0.5619252114369448
FREEMAIL_REPLYTO	-2.506027364373398	-2.554516512390639	-3.385685052122507	-2.2416472269358083	-0.9378242750743508	3.9458256243001832	3.9453340890150175
UPPERCASE_50_75	3.6365690585042603	3.2167553213627897	3.2192536223833326	3.7440140694811546	4.0372392515327125	-2.591535092741032	-2.564425514498685
HTML_FONT_SIZE_LARGE	1.8504017013113339	2.2617201565829754	-3.170568096778765	2.0807917022318416	4.89749004106128	0.724243292332297	1.417716344657748
DATE_IN_FUTURE_96_XX	-0.2998529354866648	-0.18556023970758084	-0.1556800741783434	0.06324323218157972	-3.8083253709826037	-3.06327491013822	2.222361921279873
BAYES_99	4.607130057173352	4.384855152148243	4.592902809941686	4.540198620249915	4.206247104706208	4.579194809432153	4.57971672443788
FORGED_HOTMAIL_RCVD2	2.4877985748900597	-2.5282262536180515	2.1632531592556243	-2.930162882064309	-0.7534171765430668	-0.5208527784806033	-0.7820525595111296
RCVD_IN_BRBL_LASTEXT	0.16884070087933362	-0.7671751600798797	2.5048011537434247	0.20659460150791703	-4.167176851369914	-2.0035720585355574	-0.450368584687731
HTML_IMAGE_ONLY_16	2.3430218160529073	2.4784819769121516	0.12437821411168692	-2.340262519282023	-3.0767412119288777	-4.20747068842694	3.5663166031751445
MIME_BASE64_TEXT	-3.9333053269893146	-0.3295470224780672	-0.4504120537514058	-1.0389663744351965	1.7920552133422598	-1.3489993992849452	-1.028121289602857
HTML_IMAGE_ONLY_24	-4.063377706259747	2.0291791639803898	-4.140722819248915	-3.7644585759228937	-2.91965559254322	-0.01113518744481886	-0.011072615709745619
BAD_CREDIT	-1.7812534860756424	-1.9482236498077996	-1.5703245281272482	-2.4908686016630313	1.9825816113834782	3.88803285367504	3.8927765922933872
BUG6152_INVALID_DATE_TZ_ABSURD	3.1796400085981653	3.1983423702890508	3.1608907371446606	3.1940594656351524	3.557950164150915	2.224678460160283	3.350929225266119
INVALID_DATE_TZ_ABSURD	1.507461588875181	1.5126999093748574	1.0975404958671027	1.5210963194560718	-0.16666932298865778	-2.7544315092052107	-2.608249655719204
MSGID_OUTLOOK_INVALID	2.234559339267948	2.414377630643299	2.353555185617046	2.4256176812418175	4.274861717207579	4.570844986368766	3.1948563024262393
NO_RDNS_DOTCOM_HELO	3.917528031644758	3.952761585792069	3.5442431912789014	4.2127278681796145	1.4098123912987737	3.8382705407895243	3.7452255116026274
HTML_IMAGE_ONLY_20	0.7482211677828361	-0.9221210585017722	-0.6506379057187768	-0.6522684640522634	1.3605033313422152	4.661017910523051	4.477449267811865
HTML_SHORT_LINK_IMG_3	-3.4163309293285264	-0.6157934730389274	-3.550968836234479	-1.3673659746978424	-1.8694620875810395	0.35618951675814015	0.4174561140309742
IP_LINK_PLUS	4.494581481713058	-1.6190669833907219	-1.4580774993462735	2.729574616634004	3.8678994478614075	3.36479487334798	3.3024562124590853
RATWARE_OUTLOOK_NONAME	-3.619985305566171	-2.1864209622466086	-2.117337947757676	-3.4341902826331534	4.235939108363973	2.217384293314838	2.769460577012263
FORGED_MUA_MOZILLA	-2.687600656840729	2.5231372716873453	1.8368238058378163	2.543682111336743	-2.4226982578397402	2.2524538060771766	-1.246866184187709
INVALID_DATE	4.121279025813271	3.2688915936873375	3.3966216649992087	4.149839033741451	4.477296305924921	1.304279672205413	1.3422938476634059
NA_DOLLARS	3.4774329436782425	1.4325525778688646	1.5087398695353378	3.5483877573485514	-3.9022370477207793	-0.2953861481500868	-0.5988963919358901
RCVD_FAKE_HELO_DOTCOM	0.7734730852188508	0.6629691464601566	0.6253263309575626	-0.23262135355909566	3.315512702734688	-4.243364977223488	-4.223396565500169
FORGED_MUA_OUTLOOK	4.756962612014979	4.956524646693154	4.889636413994451	4.756190990574599	2.143337088998404	2.7460073467709134	3.0448942503751266
FROM_ILLEGAL_CHARS	-0.9360819771350819	-1.0839430508627055	-1.0845459224489207	-0.9572494028227805	1.3647312039998742	-2.2624880522272868	-2.2801343689217526
HTML_FONT_LOW_CONTRAST	-0.917187774361398	1.71841778906973	-0.9650800465125607	-1.3637595479348608	3.185170642710004	-3.4450502585461353	-2.009084573749435
HTML_OBFUSCATE_05_10	0.2659937712714018	2.789053537517109	3.099614897345106	2.9050315868863468	3.5992255316243917	1.4107658670483265	1.1218889169157946
MIME_HTML_ONLY_MULTI	4.473657070261815	1.7037135358795483	2.2151908365808723	1.6930171579319977	-1.0642171065893113	-3.686220719926992	-3.7848891000718137
MSGID_SHORT	2.5544101333185036	4.723620155422616	4.426144153102603	4.269768329597431	2.478826453938109	1.7058593365306918	1.3345659442900304
FORGED_YAHOO_RCVD	4.470268165319846	3.7740961806337374	4.342089987029366	3.9476572757102124	1.2901700037362414	3.136584763046093	3.0359171353100027
HTML_IMAGE_ONLY_04	4.106300705968057	2.702304669565177	3.8489461412183026	2.926796945465079	1.3227535440330014	0.5287846285035088	0.5724058673169202
HTML_SHORT_LINK_IMG_1	4.153229578610188	4.71967664814201	4.366089742362618	4.121684841368754	4.688822399568536	-1.324657689086608	-1.2593481103519597
BANG_GUAR	2.700900529101064	3.9364352557503084	3.953019917498579	2.3116033757461585	4.185565830815881	-2.4501281289105004	-2.3739586294816175
GUARANTEED_100_PERCENT	3.0696841081636377	3.43182020449364	4.113794166795593	4.583179092904621	4.530140210692962	1.5854302313896351	1.5942020646487747
FIN_FREE	-1.6298941422117714	-1.6867478161503275	-1.6190916399691437	-1.2873431646594093	4.381363143539536	-3.6679345641284042	-3.8066023904804815
DOS_OE_TO_MX	-1.954793999609894	-1.2259023275508094	-2.0047976124176903	-2.1427264012341296	-1.7264830295913463	4.00935541758147	3.9872544543521795
FORGED_OUTLOOK_HTML	-1.742282711324974	2.9151685452897595	3.2936376346013203	2.670312553465518	0.44761836798468546	3.5162105715598564	2.3288243859413607
FSL_HELO_BARE_IP_1	2.4738876508530447	2.4433738832764647	2.3265420851838248	2.748295225701553	2.957797249015639	-0.9992571496920037	-0.9839469676580404
RCVD_HELO_IP_MISMATCH	1.6201388899698586	1.6456387350443125	0.864895885887568	0.8667610109179078	-2.36456966649342	2.5572097292035365	2.4376395855206736
TWO_IPS_RCVD	3.3239922376738	-2.870879369638951	-0.781791261047899	3.3329668349662223	-0.47318425321774	2.6864170190950216	2.699539132686006
DNS_FROM_RFC_BOGUSMX	2.9549875231737266	2.17081319315799	2.2896255933184304	1.733083159191224	3.95679369361042	2.140116339808796	2.0982310923875485
FB_NO_SCRIP_NEEDED	-0.847264761631493	-0.2615862465279268	-0.24832785424246362	-0.30062850420547116	0.9346477517663043	-2.2817074600062734	-4.850827755650041
FORGED_OUTLOOK_TAGS	4.858908193536212	4.90350620890888	4.625387954812495	4.51937476923271	1.8907524738279717	-3.019281081218072	-3.039322580689115
FREEMAIL_ENVFROM_END_DIGIT	4.412819106099842	2.939488275317447	4.585364281031895	4.5822201281686645	2.5756193678391877	4.4975844196993755	3.660340326953072
HTML_MIME_NO_HTML_TAG	3.3639133642526917	-1.8790872997456791	3.9485745206556864	-1.0917555397828644	-3.110299099987445	3.1420794647715864	3.541223686715194
HTML_SHORT_LINK_IMG_2	4.427382221660088	2.814878896534204	2.8269281674044504	4.377679267666832	1.0686355109755907	4.118143351796806	0.87689955202256
NO_PRESCRIPTION	0.9798051930957125	0.9728557980042519	0.9873590090649298	-2.1318081556942134	4.96184677824917	-2.6485937992180797	-2.5856874838564554
RCVD_IN_SBL	-0.4917374932622347	-0.11673636493261674	0.14183985284571815	-1.5967153175078437	-2.5184444742866177	4.2493297834121595	3.407245129841251
ENGLISH_UCE_SUBJECT	2.7527004313561565	2.411723444094527	3.5405905553935932	3.4058601643075326	1.659722473551105	-2.808428093492101	-2.812722519615156
FREE_QUOTE_INSTANT	-0.9035770549674251	-0.8618371301901186	-0.9025696909569715	-0.9027273054525354	2.2576882831680485	3.172102783294014	3.47855648484591
HTML_IMAGE_ONLY_12	2.2599184515107904	4.295377624361097	4.3218446671424875	3.2271983553321113	0.010188365392813063	-2.7725652994077254	-2.7354103461626615
HIDE_WIN_STATUS	-2.8588952235530214	-2.452360932465868	-3.017428761028815	-3.783115428769464	-2.6132076811221996	-4.763629901755242	-4.72595460821665
OBFUSCATING_COMMENT	3.033251148761224	3.1174491897703844	3.1240323437692967	3.1174491897703844	-1.844021763924488	3.4418509904447006	3.4420878343216637
SUSPICIOUS_RECIPS	0.6327100575166884	0.4888981369587402	0.634630578909343	-1.0130714964421021	2.460550876525605	2.5385740401611403	2.5947430331597663
ADVANCE_FEE_2	2.969057034915275	3.147435339852203	3.1973466972665356	3.0867402163490607	4.754860622440779	4.708178874745745	4.665591826759562
FORGED_MUA_IMS	3.219231808364107	-0.4309143172517287	-1.556884226656774	3.3244269143432654	-4.313457274157852	3.137259510220208	3.3084240562562792
HTML_EXTRA_CLOSE	-2.45162823774538	-1.5756729449017772	-1.7381437963850945	-1.6415787195667502	-3.1463957783559495	-1.193785012427703	-1.2789374000328024
SUBJECT_DIET	0.975453436609769	0.9693997063458881	0.9730284505110562	-3.856867410342393	3.8355577600836552	0.67639888989922	0.6378008575125169
EXCUSE_REMOVE	3.3884905873662756	2.0441090305140195	3.1675570749129927	0.325669315527407	2.411059799591319	4.723349667305433	3.1383883006241096
FREEMAIL_FORGED_REPLYTO	3.47223440220698	3.5212743410924596	3.529860767755269	3.6331398299282616	-1.1369789461987128	-3.1978600778923605	-3.4218664804826298
EXCUSE_24	4.946963292966501	3.6092471571847002	4.565209935148695	4.825851860275736	0.5993650211314951	2.243246832932445	2.243246832932445
TRACKER_ID	-3.0201355522704794	3.07485277388128	3.69191922446588	4.389353784017782	0.7979435169399377	3.5839469187606223	-3.0401046232999613
SUBJ_ILLEGAL_CHARS	0.8433340758388181	0.7407887882682206	2.941372161300584	0.8141937089000463	-0.45584966846685504	2.2928337432925967	2.8797984384299946
FILL_THIS_FORM_LOAN	-1.9083337787647785	-1.4217587875206625	-1.7568433106955106	-1.6174809199394071	0.10980751240187547	0.10842232263402347	0.18271239610061585
T_FILL_THIS_FORM	1.515839534281558	1.6462205290335885	3.7880916462110696	1.6362328069497225	2.912872629401725	4.0051936405496456	4.626087695479816
HTML_FONT_SIZE_HUGE	3.418496075746327	2.6307983122946608	-0.39033372370923436	2.6352151470504963	2.653216042376995	3.5414183010503386	3.7244565536099072
DATE_IN_FUTURE_24_48	0.3455999000606104	1.169545384933301	0.8019771262967811	0.9329689273012285	-1.481380356660083	3.0806257076379966	0.10823428663740953
FORGED_MUA_EUDORA	-0.12304188606140531	-3.9683272208619327	-1.8563936584690113	-1.3710620186385971	-3.7867503161684555	-3.4763908044593426	-4.155456218074468
RATWARE_EGROUPS	-4.4264878762067035	-4.46519317598295	-4.474471345778849	-4.422989494292795	1.8906872596398008	3.5024078488232546	3.4597596484005897
EXCUSE_4	0.9870102573760573	0.953582852305677	0.7673296448098976	-1.4966329942222432	-0.4296129926752559	2.80133487331752	2.987534377692303
FUZZY_CREDIT	-2.8338818018618253	1.341715939218548	1.372755607627966	3.7619383913897133	-2.657437294161561	0.7985151153865041	0.946642951390404
HTML_IMAGE_ONLY_08	-0.013235126257689855	2.11296773975545	2.1695705556035336	2.1279840757321153	-2.552307004722926	1.970645238695964	2.0506182943923443
URIBL_DBL_SPAM	1.0410224016718352	1.105806890132396	-2.6564427095541965	-1.930719674155539	2.3185465997601367	-0.10633654138235138	-0.08863034603002373
FM_SUBJ_APPROVE	0.5109391397103495	-1.1523730033896626	-1.35475404436122	-2.2967453075898976	4.49735831678728	2.206610379525351	3.0647053072331616
MIME_BASE64_BLANKS	1.609935712204267	-2.707782437779926	1.1069088408657404	0.8696779392362977	-0.5322598021246763	2.6474412111424375	4.2313181314268
WEIRD_QUOTING	3.7927146201729838	4.295257499818366	-1.7751739981675052	-1.7239009128991003	2.9159961048043015	0.19861267111699876	0.02716461094620129
DATE_IN_PAST_96_XX	4.08096157021956	4.491307800218858	4.284433494923076	4.0914151806055346	-1.9752297970476123	2.6452573924880043	2.7075657874892496
FROM_OFFERS	1.5705503861579466	-0.6050573863300288	-0.26450512781001834	-0.9855591308631783	1.4698166372653276	-0.36470146276793414	-0.8093784825636547
ADVANCE_FEE_3	-3.6663497565446383	-3.8725703531873235	-3.9301160377743285	-4.365418401053214	-3.530400945848194	-2.779286672751457	-1.8721326382206074
ADVANCE_FEE_4	-3.5525089888241324	1.0187368668014203	2.1269939502859425	1.3369284604755882	4.72264243183413	3.184659102574159	3.0647246150168863
DEAR_FRIEND	0.9501709422484343	1.8899494165998414	-0.5553133733849019	2.1178434092420977	-0.40047636817407617	1.7601337005016635	-3.7059194731366336
MILLION_USD	1.3126963485560337	2.817458910234695	3.3730332374774923	1.3460777818005902	-2.16229212698091	-0.9609019261626675	0.1706170768501427
UPPERCASE_75_100	4.79113224756425	4.811473263917728	3.052880401859389	3.4236625744562215	2.1957268648814123	2.843684432232574	3.6324221688947285
US_DOLLARS_3	3.387904737136182	3.441505277897478	3.4881121697884816	3.4347702029864036	0.6182083358752473	1.4631063252915077	1.4050054126704756
TVD_SUBJ_WIPE_DEBT	3.729087817953938	2.9110148969849368	2.9151000374249665	2.9166753158207843	-4.370800526370119	-1.5548442936368738	-1.610746006927731
BAYES_95	-0.32928086610235296	2.1288947054392224	-0.12745199077165353	-1.139247760699883	-4.55842272155468	0.11251236335466253	3.130693188707448
DOS_OUTLOOK_TO_MX	0.8760816490555199	0.4728250948559518	0.9891638534346574	0.4706905566767876	-0.169578114839163	-2.288804673989589	-1.9127092852233036
SPF_HELO_NEUTRAL	-2.0184817884146105	3.552564754147463	-2.097841600623352	2.493219918389478	-4.034790917107679	-2.863739401622184	-2.8664835346843898
FH_DATE_IS_19XX	4.53792304176567	4.529907066089944	4.661851710864746	4.531930953692873	0.8094299951695824	-3.366899232928203	-3.384222743370343
BAYES_80	-3.4927128859365086	0.5601777927123454	-2.426045743509488	-1.60084038467354	1.2671167716178042	-1.0660535579370238	-1.1419628002553397
FROM_MISSP_FREEMAIL	4.218378941548078	4.2678097848118846	4.3505153021814715	4.183104456874666	-3.5299091136463323	-4.974472416065191	-4.918670055529014
FH_FROM_CASH	-0.007496428477624328	2.7893080353773865	-1.5072147183772935	0.5853055588819575	3.4442464711949814	-3.7191805235925264	-4.4885080593390985
LOCALPART_IN_SUBJECT	2.9882804803932532	3.006837882744405	2.987750900057006	-0.2419008264501381	2.2594848598328765	-3.545877363340219	-2.6618862104667653
UNCLAIMED_MONEY	4.611854626769662	1.3830065653757198	4.80965251151204	4.926897975836156	0.8493740198620834	-1.913697641315417	-2.050976711707333
HTML_TITLE_SUBJ_DIFF	1.106107140969165	1.0665324609638869	1.1058033223699089	1.0239510116152772	3.902152395096681	0.589821043413156	0.18798269137749424
HK_NAME_FREE	2.7366942649870145	3.1153302164955443	3.135731010831549	2.696269520654991	3.4047210107814774	3.7109409724180127	-3.2064965321122285
REPTO_QUOTE_YAHOO	1.1142248262193237	0.9110523881162408	0.4305402164507307	-3.9266096484608677	1.1592953598736668	3.679518275458166	3.4266659882225268
TO_MALFORMED	3.583622530755129	-0.7666006811715198	3.2064679623211494	4.771247763922071	3.0798599431112628	2.649978238143586	2.8256949301995786
MPART_ALT_DIFF_COUNT	1.859439729731856	0.5930725878500982	1.9054891310325792	0.2728708856866904	3.0544718336996834	1.8596218592519151	1.8752585962700001
FR_TITLE_NUMS	-1.8720978120951717	-1.3812457760536747	-0.6766884781063314	-1.7660722041738162	-2.3125597880627575	3.116899123965537	2.2891078293552423
FILL_THIS_FORM_LONG	-0.5968806925288888	-0.3183419334587927	-0.30451133093464366	0.24909342724067354	1.0976763022934248	4.797974347010148	4.905857941575968
FS_LARGE_PERCENT2	2.3941763229285598	2.3795455937658243	2.3108831798588043	2.335458445675225	-2.8080689484845682	-3.625128221894377	-3.326593245029598
REPLYTO_WITHOUT_TO_CC	-4.5685880384055615	3.2434481965416158	3.299408056184901	2.804181808943089	1.3292591638469402	2.0138411970818684	3.0352244504120804
FORGED_TELESP_RCVD	-4.885642427471951	-4.877154902545804	-4.973769706107509	-4.903911257577491	3.7591203127659223	-2.724147536004475	-3.1861239488730093
DYN_RDNS_SHORT_HELO_HTML	3.199148089973975	-0.0333983265150493	3.4746737403795276	0.09394333697353399	-2.041561475264088	2.0026232967457775	1.8013476560741566
DOS_OE_TO_MX_IMAGE	-4.160908631698738	-4.403161187058787	-4.158261750004675	-4.334659610556667	1.7129620454315768	-2.9075482176052163	-3.1076004818913168
PART_CID_STOCK_LESS	2.0049290797015695	-2.499929484780183	-4.215502587100048	-3.7372085817138054	-4.395949537816694	3.6946341160057057	3.7439544639817783
FS_WEIGHT_LOSS	3.1159125976083457	-3.2298071033476212	1.7865704901197421	2.797419702744151	3.008195155005233	-4.2082636292441515	-4.08514233857518
GAPPY_SUBJECT	-3.9105838277511493	1.7948224192772293	-4.0422190558893165	1.859646164733961	4.433019562479068	-2.9829552990770747	-2.97514713011559
FS_START_LOSE	-3.4609145397078844	1.7398789941055983	-3.0175019422913474	-0.04841868470210997	-4.206334909840726	4.551808179862418	4.647476598706512
FB_INCREASE_YOUR	0.7025512528646998	4.2892512689746685	-4.0830415704420755	4.255921191697336	2.788422866445804	4.812229778942072	4.83467950832453
MORE_SEX	1.367132880614367	0.5499376730346615	2.0144082178009657	1.4534015155833544	-3.626893920307615	-2.514317335019676	-1.6009967409375365
DRUG_ED_CAPS	-2.0134967094154863	-1.0565779671479043	-1.4246524105332208	-1.4134554084383648	-1.8237021413655952	3.5044659508953733	3.507340761127824
DRUG_ED_ONLINE	2.933761574505497	2.5696782916814787	2.3923582853609746	2.701501783679693	-3.3927605143454915	-2.152621183678756	-1.583370119216918
MISSING_MIME_HB_SEP	1.518535365979405	-0.867965595311857	1.7761081192655896	-0.8794071181899826	3.3220164462433366	2.68168224511137	2.149670348365454
T_MIME_NO_TEXT	-3.6653807266057568	-0.5055586007362372	-4.3891484685521105	-1.1908860483347625	-3.4586084347038053	-4.49366155065393	-4.49837833506374
URIBL_JP_SURBL	0.41844489751545716	1.976057374203484	0.3832644102931573	2.287476868418341	3.5600992457890266	-3.6857492883223175	-3.6906652852747026
SHORT_TERM_PRICE	1.7323539351576374	2.8233124361636976	2.8162961560244177	1.3292591959790128	-3.5911231789750158	-0.9610752999133753	-1.493942841220649
FH_FROMEML_NOTLD	4.888530155345315	-2.808817289840115	2.0799484677582187	4.947716094414986	-2.53855432746031	-0.8357060682032099	-0.7752755888474101
FROM_NO_USER	-3.1086707959304647	-0.15183550723280348	-2.4305326398663403	-3.2722177983702228	-1.2323582717760821	0.985086646804319	1.0560641179417232
TVD_INCREASE_SIZE	3.9621480939197076	4.261401669612047	4.317771267495218	4.362770308926318	2.1963293219681805	0.7190030374573113	1.128443909701676
HK_SCAM_N2	1.1919479822765071	1.361221041749148	3.873824185136702	1.074440472895644	1.4421906887569258	2.484903373214414	-3.5729095760754754
TVD_PH_SUBJ_URGENT	-2.331067475001701	-2.2890815965739018	-2.337680215564079	-2.5141892401135055	3.2212961698162372	4.076122183468321	3.7913489367766484
FORGED_MUA_OIMO	4.6115320294330315	2.912335977683566	-4.056044961170607	1.0518998466525518	1.9161585357051283	2.81216459239244	3.9900511670524863
FUZZY_MILLION	-2.850384411289068	-4.866000813034393	-2.0205239399140855	-3.2929272237326157	4.575815166345249	-1.9515176542560537	-2.0249848371529464
HELO_OEM	-3.4449305153032297	-4.943667019398633	-3.608652942060688	-3.5214253537632434	-3.957219486208489	-2.204375663055945	-2.539212753554432
URIBL_WS_SURBL	-0.37656760945435974	-0.36551884391149536	-0.38441300334270656	-0.44702436412226754	-0.426397103645364	-1.3211348839164585	-1.3928622388720568
DRUGS_DIET	3.5664436383375646	4.063787170471041	4.192067678535218	4.055809060181762	2.7459828397271475	2.9877872770081724	2.8761672060884416
FB_GVR	-1.4098222058851646	0.9571735039097315	0.45290200916300394	-4.222119972787877	3.250239525527306	1.0300132795363615	1.87927077385593
HEADER_SPAM	3.1136779508617813	-0.7225855568583389	0.9198116038246849	2.739791893281373	-2.7008268421649575	3.1684617274485265	3.168516304412397
FAKE_HELO_MAIL_COM_DOM	1.4056709802526854	0.9644224814999746	1.0879330209748581	0.36567299778652884	1.8570720168304766	0.09471062653963887	0.09424903036024737
IMPOTENCE	-1.506990971225947	-2.5670564850408217	2.5667806678439926	-2.601616264309441	-1.541741162746633	3.744879072225151	3.3644221148948077
HTML_IMAGE_ONLY_32	0.6473134770356851	0.9491092145340918	0.949763572668277	0.6487573064995438	-3.8617122615111334	0.08046798830318301	0.09056098179886746
ONE_TIME	-3.08673515761419	-2.6484706321196287	-2.361126910871225	-2.4248360644794698	2.736381486281685	-0.989391421814342	-1.3541666074777465
RCVD_ILLEGAL_IP	0.7853598240635408	0.6139204934835824	0.7870783819822811	0.4180068003631589	0.024227737158590612	-0.3030766921991995	-0.3722332415096074
FS_REPLICA	4.730358533939294	-3.960826065982837	-3.285463967053795	-3.88783487744473	2.6321004970882727	2.6758468853102397	2.7007569335719253
FROM_EXCESS_BASE64	-2.7567472175505845	-3.292924560599206	-3.5655146781175606	-3.5420162127762356	-4.005235324109613	-0.6840651028345408	-0.5782440586092559
DOS_HIGHBIT_HDRS_BODY	0.7264429115362157	-0.13690822916518763	1.2275685165253505	-0.3340607910372382	-4.9587067720566465	4.380762262195921	3.789631451803266
NUMERIC_HTTP_ADDR	2.1030022670339106	2.2097312354314727	2.2172425377555665	1.8488121920672231	-0.34479278770477567	-1.3936490576467289	-1.4620509465014997
URIBL_BLACK	-2.100978795494613	2.3473626120354574	4.647188074716407	4.89496029568871	-2.4016870432289483	-0.4316735132474249	-0.6814964702515924
FILL_THIS_FORM_FRAUD_PHISH	-2.55375931966636	2.470425401974098	-4.595348985651269	-2.882518205329697	4.049032050518168	3.142070231337043	3.97390777635876
FORGED_MSGID_YAHOO	4.63771212368808	4.841789336375599	4.866511960106991	4.8686579680530935	-4.338210187776692	-2.4795173445475633	-2.566313236802412
FROM_STARTS_WITH_NUMS	1.7078452889254785	1.7149383129303757	1.70626647340989	1.709769992951486	2.3027104427837988	4.745658427438858	4.9786406436344
SUBJ_YOUR_DEBT	3.161825087294499	0.2560826693216018	4.314974672982105	3.687383526172285	-1.2992470925136783	-4.258535648446763	-4.258595244162199
RCVD_IN_IADB_DOPTIN_LT50	-1.8769065938468399	-2.177041888619006	-1.8540383181765527	-1.9345240492342317	0.39741457335774727	3.1688125825633136	3.1857360184752506
RCVD_IN_IADB_LISTED	-0.7970961222940153	-4.327615444540423	-0.16319789313747668	-3.5324346457654308	-0.7656837100286431	-3.1305666393494676	-3.4271890707979216
RCVD_IN_NJABL_RELAY	4.258649440056398	3.832507171542348	0.9710657884546579	3.5037907312885386	-2.360391700110315	-4.1960641588038925	-2.550559835675031
ONLINE_PHARMACY	4.152989568691023	-1.2337731892518082	-3.068928132809092	4.033666597995551	2.335864536360088	2.1474435988926555	3.0579082513933415
TVD_VISIT_PHARMA	0.2593057256356868	0.2242858779375464	0.09977631794183162	0.13989238079991267	-4.889095205196692	2.390606824736287	2.4002766650666203
FB_SAVE_PERSC	3.5195340865743194	-0.8064217860115703	-3.3234684319918175	4.16157581647519	2.185859734068982	-4.696061653835429	-4.51648987318763
FORGED_MUA_THEBAT_BOUN	-0.5531368905571681	-1.1423370978019527	0.9970018776143462	-0.22570706518784872	-3.419547649856749	2.642526913700123	-2.0253587112240035
FB_LOSE_WEIGHT_CAP	-3.7091918471103575	-0.6324608485112698	-0.5549583083888336	-0.4150548502188135	1.7889946172012707	-4.1959454503383995	-4.332292825327174
RCVD_DOUBLE_IP_LOOSE	-2.0334959585213843	-1.6565965983818876	-2.194106763683889	-2.1620137212434565	1.2550564516965927	-0.8471714643454411	-0.8513163780520118
FB_SPACED_FREE	0.46920099111295066	-0.7248803389126455	-3.9921123569012638	-0.7290173157762639	0.8319255934217171	4.5131321571204985	4.489016440696131
BASE64_LENGTH_79_INF	0.2433749285771732	0.2352474582143811	0.24395439522701354	0.2419171774214657	3.651428008255581	-2.110835838497688	-1.8912333422346337
SHORT_HELO_AND_INLINE_IMAGE	-2.024615739700621	-2.2686393860504666	-1.8641960579556156	-2.6072618108726187	3.917391367844814	4.6501279443686	4.596173132218946
FM_LOTTO_YOU_WON	4.174002620538829	3.484907046516652	2.3727102912285645	-4.667192369992063	-3.0891527352906305	-4.757698332957477	-0.3783787924462857
SUBJ_AS_SEEN	2.8727540982586572	3.799864123596561	3.7429745443435043	3.75654239270344	-4.119415648023856	2.136798344066221	3.252729321788344
DATE_IN_FUTURE_48_96	4.059760738748703	3.1607844137917596	4.199494415962378	4.589254167958987	3.0183054745697895	2.362008086690088	0.37109654498562905
HTML_OBFUSCATE_10_20	-1.2108389560475357	2.3783630467211925	-0.9789741491352123	2.8179764356312313	4.457963671537886	-2.4519638523266556	4.81231670877728
FUZZY_XPILL	-2.107285076485383	-1.3288465215685532	-1.314861413736159	-1.451170362071481	-4.968738156140374	4.155004441695055	4.304528295518287
PERCENT_RANDOM	0.0471815309029705	0.023157406278349217	0.024127642594812728	0.022766022958439616	2.640251386511018	3.173996801187071	2.8836335735987726
TVD_RCVD_SINGLE	3.471461526842612	-2.6479702948431205	2.009871095478287	3.555416103851986	-2.3839166858986314	2.3649708535311755	2.8962216474816254
FM_SCHOOLING	1.5243413479436614	1.432406644443252	1.431691691617495	1.4294339199820305	-2.864878651902377	-3.217394131989215	-2.6347611013288295
FM_SCHOOL_DIPLOMA	-2.724545269445204	-2.850127251097492	-2.797350845765985	-2.7256654635242445	-0.9488210505872097	-2.5874725924094966	-2.5160330311001253
SORTED_RECIPS	-0.3666735169464682	-0.575238803122531	-1.5473477635540658	-0.33980621214284	1.9161693334673475	-0.7193739971625088	-1.4782441319625261
FH_HOST_IN_ADDRARPA	-1.1708986791328067	3.001350345338853	-0.9818985038175224	-1.5028240938683421	-4.235618721913423	-2.0352165186665054	-3.2302922544859385
FROM_BLANK_NAME	1.0103215144323778	1.9219289753252249	3.239781183135836	1.238041313417819	2.4877712854914886	-1.4528704953903453	-1.4528648156238655
HTML_SHORT_CENTER	1.613466640975946	1.642824596470842	1.6376600580942164	1.6349538433752755	2.102068039887558	3.381065739741004	-2.301860203690236
MISSING_DATE	-3.456999354369097	2.2085446369360486	-1.9654061048704479	-1.8264895575493856	-1.4014726869040528	-0.8327968057605037	-0.15495610887517675
MISSING_MID	3.0222403526515254	3.7413294368404553	3.377924655519329	-2.9163387937740373	-3.2641204809461613	-1.5441465043277	-1.0859999018592539
NO_HEADERS_MESSAGE	-0.6237308474675605	1.3888521475651219	1.351733906767879	-0.5361699783346404	-3.550677539800971	2.385244401004357	2.3470029727515795
MANY_SPAN_IN_TEXT	-4.239226501566115	1.0537661397052134	-3.906199166729588	-4.386803417893466	-3.573221682054138	-0.7824384986919799	-0.8449107822681842
DYN_RDNS_AND_INLINE_IMAGE	-3.640221070216599	-2.77893015121247	1.1072564362481336	-3.0292654793882545	-2.405265900035011	2.373792492459922	2.3021115755221198
TVD_RCVD_IP	-0.6990770589001963	-1.5851194664193466	-0.9177708796527178	-0.8981546285340182	2.4562218489961523	1.2888052452399572	0.630124477540629
TVD_RCVD_IP4	2.283686553008433	1.8564991573604284	2.131008539977363	1.8134826759231208	0.05557564331350151	-1.4016589559261763	4.778080860519616
FROM_MISSP_MSFT	-2.971958855030727	-3.5488334500987624	-2.973647095393177	-3.134497921532871	3.3626254547847982	-2.1298232083897686	-2.001495185863669
SUBJ_YOUR_FAMILY	-0.0704229119371364	-0.07436089759744334	-0.05495599082881225	-0.07613313575289146	2.0856299576046733	3.6975291348298462	3.365438272644706
FRT_DIPLOMA	-4.656471400683829	-4.703739120120435	-4.16056059287833	-4.70476062621874	3.0563555949079335	-3.5280881132102095	-3.303467167063884
BANKING_LAWS	-2.7826754007434307	0.2325023517387986	0.4328497636636751	0.11107970367610365	-0.8892377419278015	0.041470266908944176	0.06955439089931115
RCVD_IN_SORBS_WEB	-3.484485692945251	1.468840162675075	4.422850359749231	-4.812309162301039	-1.661602774882916	-0.9062616806098691	-0.911105846585302
SANE_91eb43f705d25c804374a746d7519660	1.499174505911249	1.2535327918754353	-2.12237189439062	1.6157773624543654	-2.9345240928647542	-1.9954514949959976	-2.027946508818301
FH_HELO_EQ_D_D_D_D	4.025133866496128	2.924679765108538	3.0315723185510164	4.204911610888928	1.3778963596217029	-2.259947477343421	-3.238216043209255
HELO_DYNAMIC_DHCP	0.8664981065869628	2.1763527069405035	0.9696118513840618	0.9534808447783149	-2.7142950415638896	-4.075685768624008	-4.075751284122224
S25R_6	1.6472989357697103	1.43377790490705	2.136563371458962	1.636964401451769	-1.2085435458507932	-2.432266425328068	-2.4382218061722316
DRUG_ED_SILD	-3.1983879507401065	-3.226928420805522	-3.3229990911458738	-3.224138025451464	-2.983816104367005	-0.7130941256001402	-0.8795058222123484
RATWARE_EFROM	-3.4504859566540946	-3.985537752700897	-3.4969591460442926	-3.5023484515323364	-1.2430603128285824	3.9175781104771406	4.020718053297103
FROM_MISSP_DYNIP	-0.21811711562693814	-3.8211603685334787	-3.753814694155925	-3.677636358411467	3.7846473360293635	-3.935907050509727	-3.9358888655727986
FH_FROM_GET_NAME	3.702486065778774	4.238292277669727	3.0366528683214282	-0.6117961015050577	-3.198245026587241	3.1623861716372486	3.479986432813271
HTML_NONELEMENT_30_40	-2.716347409150078	-2.7997809219827334	-2.770083658142291	-2.7567767479400507	-3.800553520752	-0.5996780200522663	0.021525743699567723
T_KHOP_FOREIGN_CLICK	2.4276270653167344	1.389027061882659	4.030811875361004	3.659835735599596	-1.2214967740872962	-1.98109561999693	-2.7352973114279564
FS_ABIGGER	2.543355797885096	3.9222251370691597	1.3765209560271314	-2.617911033539727	2.55275861827933	-4.5221676741576	-3.7660160541056866
UNRESOLVED_TEMPLATE	-0.6489935849498203	-1.6339708809208204	-0.9723372653963852	0.022509037072297733	0.46772784731537353	-2.6793540050543907	-2.6801144259237675
FUZZY_PHARMACY	-0.4151279069538405	-4.151918490138387	-3.179491418113615	-2.952769747263986	0.21552785084994863	3.008737541853868	3.1905157200319842
FB_GET_MEDS	-1.5107971596651637	-3.9641236870371905	-1.5190181708634767	-1.417108429189202	2.2335842685899765	-3.115553748393089	-2.9472589402372193
HK_LOTTO	-0.8343492814754423	-2.588272993954324	-0.7416302481325086	4.405370056444081	-2.849492776749539	1.0597804757628997	0.8908487720739173
KAM_LOTTO1	3.1819068714472314	3.6173243590743556	3.666064173599731	2.7691695167483172	-0.11001778719249	-1.4146895372675767	1.434851327963229
LOTTO_AGENT	-1.3637317148142014	-4.567806135816518	-1.2494044704618867	-4.567806135816518	3.194811362168544	3.5885355291745826	3.2291090136849365
URI_NOVOWEL	3.151864606145914	1.9045491783411128	2.201655999537594	1.667045480733767	-1.1264955465158586	1.1855676176911263	1.1787777611139427
FS_NUDE	-1.684186648468001	3.3822305279133915	3.8619213541598962	4.629668635879067	2.8378383783346464	-1.4028301309496425	-1.0474570584458207
HELO_LOCALHOST	-1.8724934792298917	-1.8737819820136987	-1.5839569135557916	-1.867066339284771	1.6616131121216735	-0.9650157971714417	-1.7072822702178272
DRUGS_MUSCLE	-0.2743384855218244	-0.9690796664259553	-0.24105638794553075	-1.04953425269302	-1.6976321873774798	-0.5121131220774804	4.045529960442443
MSGID_MULTIPLE_AT	3.3045640571666777	2.7260639221768392	3.2359664232617282	4.26523415206131	-0.5790204011752131	-0.8728493930264581	-0.825307339505621
BILLION_DOLLARS	-4.299456341881096	1.0649097926126962	0.6430964591905246	-4.264796307382262	4.330547137706231	1.8979942866303434	3.8551089947263697
TVD_PH_BODY_ACCOUNTS_PRE	-0.8068344878830553	-2.4742485392492606	0.18498251727006054	-0.5174802008689026	0.3281675564493306	3.7726427533075424	-0.8775793055184606
FUZZY_PHENT	3.36928258754753	-1.3000020951842117	-2.345763149766107	-2.294510858730349	-4.863334740757102	-1.6412303960803152	-1.0004167624239861
